,Country,Days,Cumulative Confirmed Count,Cumulative Confirmed per million,Cumulative Death Count,Cumulative Recovered Count,Cumulative Testing Count,Cumulative Testing per thousand,Population,Population_Density,Land_Area_Kmsq,Health Capacity Score,Recovery Rate,Fatality Rate,Active,Risk.of.Transmission.from.P2P,Risk.due2.lack.of.sanitation.and.water.services,Risk.based.on.Pop.Dist.,Vul.Index,Hazard.Ind.Vul.Risk.Index,INFORM.Socio.Eco.Vul.Risk.Index,Vul.related2.Dev.and.Deprivation,Vul.due2.Eco.and.Gender.Inequality,Vul.based.on.Eco.Dependency.Index,INFORM.Vulnerable.Groups.Risk.Index,Vul.associated.with.Uprooted.people,Vul.due2.other.Health.Condns,Vul.due2.lack.of.Food.Security,Vul.due2.Gender.Based.Violence,Covid19.Overall.Vul.Index,Vul.related2.Intl.and.Int.Movements,Vul.due2.lackof.authntic.info.nd.trust.on.politicians,Vul.due2.1plus.underlying.condns.plus.0.condns.65plus.yrs.pop,Lack.of.Coping.Capacity.Index,Hazard.Independent.Lack.of.Coping.Capacity.Index,INFORM.Risk.Index.related2.Institutional.Strength,Risk.based.on.Corruption.Perception.Index,Risk.based.on.Govt.Effectiveness,INFORM.Risk.Index.based.on.ltd.opl.Infra,Risk.associated2.Immunization.coverage,Risk.based.on.pc.public.and.pvt.exp.on.healthcare,Risk.based.on.Maternal.Mortality.ratio,Covid19.Overall.Lack.of.coping.capacity.Index,Lack.based.on.IHR.core.capacity.scores,Lack.based.on.Opl.readiness.index,INFORM COVID-19 RISK,COVID-19 RISK CLASS
0,Afghanistan,169,0.06642716924536708,0.239093081968399,0.07909955146830658,0.10177695567731421,0.0,0.0,0.2702333733202988,0.02202392253654832,0.3986470185479288,5.574412532637076,7.6767676767676765,1.3793103448275863,0.021677157465898787,6.4,6.0,6.6,6.4,8.2,7.9,8.6,7.7,6.8,8.5,9.7,2.1,7.8,10,3.5,2.2,8.4,1.6,7.7,8.3,8.2,8.4,7.9,8.3,7.2,9.6,7.1,7,6.5,7.5,6.8,Very High
1,Albania,173,0.01613724076878219,0.7883454444936128,0.01551524725662219,0.017579751488150476,0.0,0.0,0.019758813764158813,0.03911144864249098,0.016730304186960282,1.3446475195822456,5.454545454545454,1.0344827586206897,0.011246596090487802,3.6,0.9,5.0,4.1,1.9,2.1,1.9,2.1,2.3,1.7,0.9,0.2,1.8,3.7,5.7,5.4,4.7,6.4,4.9,4.8,5.7,6.5,4.8,3.7,0.06666666666666667,7.6,0.2,5,5,5,4.2,Medium
2,Algeria,179,0.07625029205409024,0.24363899193733593,0.08412084967135885,0.1075691686178323,0.0,0.0,0.30443564339884577,0.006075564837668502,1.4543311056588413,0.9138381201044388,7.07070707070707,1.0344827586206897,0.032675272397470465,4.3,1.4,5.7,3.6,3.0,2.5,3.1,3.3,0.3,3.4,5.4,0.4,0.3,5.9,4.2,4.5,5.8,3.2,3.9,5.2,6.2,6.5,5.9,4,1.4333333333333333,6.8,1.2,2.25,2,2.5,3.9,Medium
3,Angola,148,0.004415004114456281,0.01831491089330019,0.006036841659849361,0.003645522171148336,0.0,0.0,0.22811486591152877,0.009113347256502754,0.7612560129778165,0.2872062663185379,4.141414141414141,1.3793103448275863,0.0039587566454591765,6.5,6.8,6.4,4.3,5.4,5.6,8.1,6.1,0.1,5.2,4.8,5,6.3,4.35,3.0,3.7,8.1,0,6.2,7.4,7.3,7.4,7.1,7.4,8.266666666666667,9.5,2.7,4.55,4.1,5,5.6,High
4,Antigua and Barbuda,140,0.00013415758358845052,0.2342119370581812,0.00016925724279951478,0.00031167288494928137,0.0,0.0,0.0004446498404913014,0.08391873932029618,0.0002680610072657967,1.174934725848564,9.595959595959595,1.0344827586206897,2.8236495331377864e-06,2.8,1.0,3.7,3.4,2.7,2.9,2.5,2.9,3.7,2.4,0.0,0,5.8,2.4,4.0,5.4,1.1,4.8,4.9,4.4,5.0,5.0,5.0,3.7,3,6.9,0.5,5.4,5.8,5,3.6,Medium
5,Argentina,172,0.6449512581106536,2.0036724440342906,0.44226917543513217,0.9413256533399076,0.16138179430936334,0.40549186426956796,0.3137786538054814,0.00569584203531422,1.6710697264538172,5.939947780678851,7.373737373737373,0.6896551724137931,0.2641439428764405,2.8,0.4,4.0,3.2,1.6,1.8,1.4,4.4,0.0,1.4,2.8,0.3,1.1,1.4,4.6,5.0,5.4,4,4.2,4.0,5.2,5.5,4.9,2.5,2.6,5,0.4,4.3,3.6,5,3.4,Low
6,Armenia,169,0.07598023458063298,3.602015791146235,0.04919743857372563,0.13154346716123433,0.0,0.0,0.020352481539255216,0.0387317258401367,0.01738366472858762,2.284595300261097,8.686868686868687,0.6896551724137931,0.014654741076985112,2.7,0.4,3.9,4.4,2.1,2.0,1.5,2.8,2.2,2.1,4.6,0.3,2.0,0.8500000000000001,6.1,6.2,4.5,6.8,3.8,4.3,5.4,5.8,5.0,3,0.6333333333333334,7.2,0.3,3.35,1.7,5,3.6,Medium
7,Australia,208,0.04408906042474988,0.24232281228260344,0.03227171429377416,0.07038554286062479,0.766621445331657,3.414036694349899,0.17693415324555423,0.0003797228023542813,4.690944893068389,8.590078328981724,7.979797979797979,0.6896551724137931,0.013129970329090706,2.5,0.0,3.8,3.5,1.4,0.5,0.0,2.1,0.0,2.2,5.8,0.1,1.2,0.3,5.1,5.6,3.4,5.6,1.1,1.6,2.1,2.3,1.8,1,0.8333333333333334,0,0.1,0.5,1,0,2.1,Low
8,Austria,180,0.04589931665005378,0.7155636819160249,0.04135518632401478,0.07815285138666418,0.14758878355303415,1.860919743729356,0.06233954217887224,0.0406303398519081,0.05031975281722044,4.112271540469974,8.585858585858585,1.0344827586206897,0.009346279954686072,2.5,0.0,3.8,4.7,1.5,0.3,0.0,1.2,0.1,2.6,7.0,0.1,0.2,0.5,6.8,6.7,3.7,8.4,2.4,1.4,2.2,2.3,2.1,0.6,2,0,0.1,3.3,4.1,2.5,3.0,Low
9,Azerbaijan,173,0.06299656817931956,0.8723793230263168,0.029845693813647777,0.11758122230401204,0.0,0.0,0.07020994440490894,0.04594645908486804,0.05047179653204774,2.741514360313316,9.393939393939394,0.3448275862068966,0.005839307234528942,4.1,1.3,5.5,3.8,3.2,2.2,2.9,2.4,0.5,4.0,8.1,0.8,1.3,2.7,4.3,5.2,3.1,4.4,3.9,4.5,6.1,7,5.2,2.4,0.5,6.1,0.3,3.35,1.7,5,3.9,Medium
10,Bahamas,156,0.003690204701822574,1.3278932094644629,0.00282095404665858,0.002738519056520652,0.0,0.0,0.002496460329017329,0.014049743687108412,0.006111668842194439,1.6710182767624024,3.737373737373737,0.6896551724137931,0.003676391692145398,3.4,0.4,4.9,3.9,3.6,4.6,1.9,4.7,10.0,2.5,0.9,1.6,4.6,2.5,4.2,4.5,3.6,4.4,4.4,3.7,3.8,3.6,3.9,3.5,1.9000000000000001,5.3,0.8,5,5,5,3.9,Medium
11,Bahrain,185,0.08840287835966743,7.29869510894606,0.01060678721543626,0.16588701752862312,0.13978687904753265,9.32912127085694,0.011586575183541297,0.8494399088665274,0.0004634585524253751,0.9007832898172325,9.393939393939394,0.0,0.009027207557441503,6.4,0.0,9.6,2.9,1.2,1.3,1.2,2.8,0.0,1.0,1.1,0.1,1.7,1.0,4.3,8.6,2.8,2.8,3.1,4.2,5.2,5.8,4.6,3,0.19999999999999998,3.8,0.2,1.85,1.2,2.5,3.9,Medium
12,Bangladesh,162,0.5220141269677825,0.4445324510383401,0.2272560579988152,0.654008778669528,0.19147146841464616,0.13202734689098827,1.1440048199603603,0.4795898993734573,0.07948344704961616,3.511749347258486,6.262626262626262,0.3448275862068966,0.3073344861353161,5.7,4.3,6.4,4.6,5.2,5.3,7.4,4.5,1.8,5.1,7.7,2,4.3,4.85,3.9,6.1,7.0,1.2,5.5,6.2,7.0,7.4,6.5,5.3,0.3666666666666667,9.9,1.9,4.6,4.2,5,5.2,High
13,Barbados,161,0.00026657286089653155,0.14408144796453304,0.0003949335665322012,0.0004937738963803222,0.0,0.0,0.0017608961869664272,0.25289538636795134,0.00026195483397955984,2.3237597911227157,8.383838383838382,1.3793103448275863,5.929664019589351e-05,3.0,0.6,4.2,4.8,1.8,2.4,2.6,3.4,1.1,1.1,0.0,1.1,2.0,1.1,6.9,7.3,4.2,8,4.3,3.5,4.0,3.8,4.1,2.9,2.3000000000000003,5.7,0.3,5,5,5,4.0,Medium
14,Belarus,168,0.12362882673617771,1.8373313690507538,0.03706733617309374,0.24295776867428362,0.19388643044258183,2.330087049420341,0.06541692788779456,0.017087526105942663,0.12389975153370282,8.172323759791123,9.898989898989898,0.3448275862068966,0.002648583262083244,2.9,0.4,4.1,4.2,1.1,1.2,1.7,0.9,0.4,1.0,1.8,0.6,1.2,0.4,6.3,7.1,2.2,8,4.5,3.9,5.6,5.5,5.6,1.6,0.25,6.3,0,5,5,5,3.8,Medium
15,Belgium,176,0.14361830669085685,1.7401452221913403,0.5639651330079833,0.0640540307708686,0.2853211932056099,2.7956973140986077,0.08028745592935105,0.1446743876969812,0.018488882093396487,6.697127937336815,2.222222222222222,4.137931034482759,0.15292603506520938,3.4,0.1,5.1,4.7,1.2,0.3,0.0,0.7,0.4,2.0,5.4,0.1,0.2,0.8500000000000001,7.0,7.9,4.0,8,1.4,1.7,2.6,2.5,2.7,0.8,1.1333333333333335,0,0.1,1,2,0,2.8,Low
16,Belize,142,0.0016499640475099045,0.5925871293143318,0.0007334480521312308,0.00040272339066480174,0.0,0.0,0.0025269197949492933,0.00569584203531422,0.013927570648577577,2.83289817232376,1.212121212121212,0.3448275862068966,0.0023577473601700517,2.6,0.9,3.4,3.6,3.1,3.7,4.1,5.2,1.2,2.5,3.6,1.3,2.4,2.5,4.0,3.8,7.2,2.4,5.7,5.5,6.2,6.2,6.2,4.6,1.9,8.3,0.4,5.85,6.7,5,3.8,Medium
17,Benin,149,0.0037076277646262688,0.04261837488172969,0.002256763237326864,0.006086376112829786,0.0,0.0,0.08399468002916397,0.04025061704955382,0.06885259935827784,0.1305483028720627,8.181818181818182,0.6896551724137931,0.0010334557291284297,7.0,7.9,6.6,4.1,5.2,6.6,8.7,7,1.8,3.3,1.3,4.5,2.4,4.4,2.9,2.9,7.9,0.4,6.7,6.4,6.0,5.9,6.1,6.8,3.5,9.9,4.4,7,6.5,7.5,5.8,High
18,Bhutan,109,0.00031013051790576877,0.061163745527587486,0.0,0.00042023310330240184,0.0,0.0,0.005125284546143657,0.0068350104423770645,0.023274290097820286,2.7545691906005225,6.262626262626262,0.0,0.0002089500654521962,3.9,2.0,4.8,3.9,4.9,5.2,7.2,4.5,1.9,4.5,0.0,1.5,4.3,8.5,2.7,2.4,5.0,1.6,4.6,4.4,3.8,3.2,4.3,5,0.1,9.2,2,4.85,4.7,5,4.1,Medium
19,Bolivia,165,0.19336463560796646,2.326260853169466,0.26313859347231233,0.17115744103254074,0.029068625607250365,0.282791696822428,0.080866894464888,0.0034175052211885323,0.6614811414807068,0.40469973890339433,4.444444444444444,1.3793103448275863,0.16224407852456407,4.6,4.4,4.7,3.8,3.8,4.6,5.9,5.4,1.2,2.9,0.9,1.1,5.0,3.9000000000000004,3.8,4.6,6.7,2,6.7,5.7,6.3,6.9,5.6,5,2.6,8.5,1.7,7.5,7.5,7.5,4.9,Medium
20,Bosnia and Herzegovina,171,0.0340324685744572,1.457510186697205,0.03351293407430393,0.045027977018852354,0.0,0.0,0.022558958581410684,0.023542813745965445,0.03114087314247919,1.906005221932115,6.666666666666667,1.0344827586206897,0.017215791203541084,2.1,0.5,2.9,5.4,2.8,2.7,3.0,2.1,2.6,2.9,7.1,0.3,1.4,0.5,7.2,4.6,5.7,9.2,6.2,5.2,6.3,6.4,6.2,3.9,3.65,6.4,0.1,7.1,6.7,7.5,4.1,Medium
21,Botswana,138,0.002691863203170858,0.1618618402904198,0.00016925724279951478,0.000696886562976483,0.0,0.0,0.01610305254394399,0.0007594456047085627,0.346054548033571,0.731070496083551,1.3131313131313131,0.0,0.003837339715534252,3.9,2.1,4.8,4.3,4.2,3.5,3.4,6.7,0.5,4.8,2.2,4.2,7.0,4.8,4.3,2.2,4.6,5.2,6.2,4.5,4.1,3.9,4.3,4.8,2.2,7,1.6,7.4,7.4,7.4,4.7,Medium
22,Brazil,169,6.154371124130785,4.065909800350272,6.395554176422466,10.0,0.6128587044957495,0.3274201752618338,1.4765996351485409,0.008733624454148471,5.103624508445418,7.193211488250654,8.181818181818182,1.0344827586206897,1.5908808544137596,3.0,0.8,4.1,3.7,2.9,3.4,3.7,6.1,0.1,2.3,5.2,0.7,1.3,1,4.4,4.6,6.5,3.2,3.7,5.2,6.2,6.5,5.9,3.9,4.666666666666667,4.1,0.7,1.9,1.3,2.5,3.5,Medium
23,Brunei,169,0.00022127289760692488,0.0798691913565008,0.00016925724279951478,0.0004867700113252821,0.0,0.0,0.0028037993973340372,0.03075754699069679,0.0032173427045181836,5.0,9.797979797979798,0.6896551724137931,2.8236495331377864e-06,3.9,0.2,5.7,2.7,1.1,1.3,1.1,3.1,0.0,0.8,0.0,0.4,1.9,0.8,4.0,4.7,3.2,4,2.8,3.0,3.3,4,2.5,2.6,0.1,4,0.3,2.5,2.5,2.5,3.1,Low
24,Bulgaria,168,0.027686989101351523,0.5595653001494497,0.03351293407430393,0.03867545327393105,0.050566645450390225,0.8264221384139326,0.04804115046055925,0.023542813745965445,0.06628800657805838,6.501305483028721,6.969696969696969,1.3793103448275863,0.012054159856965209,2.7,0.9,3.6,5.6,2.1,1.8,1.7,3,0.6,2.3,4.3,0.2,2.4,2,7.8,5.9,5.1,10,3.3,3.6,5.1,5.7,4.5,1.7,1.2666666666666666,4.8,0.1,3.05,3.6,2.5,3.7,Medium
25,Burkina Faso,164,0.0023259788842932656,0.015148699358069466,0.003103049451324438,0.003705055194116176,0.0,0.0,0.14499749353821087,0.02809948737421682,0.16706429049411095,0.07832898172323761,7.878787878787879,1.3793103448275863,0.0006720285888867931,7.7,8.8,7.1,4.7,6.4,7.0,9.7,5.4,3.2,5.7,8.8,4,4.3,3.6500000000000004,2.5,2.6,7.5,0,6.9,6.4,6.1,6,6.2,6.7,3.7000000000000006,9.8,3.6,7.3,7.1,7.5,6.3,High
26,Burma,148,0.000754418619399988,0.0013451012803863316,0.00033851448559902957,0.0011941624018843252,0.019019242284077156,0.03969551876826894,0.37779651672592746,0.03075754699069679,0.398909583999237,2.545691906005222,7.6767676767676765,0.3448275862068966,0.0002880122523800542,4.3,3.0,4.9,4.8,5.1,5.3,7.4,4.7,1.8,4.8,7.0,3.9,3.1,4.3,4.4,3.7,6.0,4,5.5,6.5,7.1,7.1,7.1,5.7,2.2,9.2,2.8,4.2,3.4,5,4.8,Medium
27,Burundi,131,0.0007457070879981405,0.008479183518273807,5.64190809331716e-05,0.0012501934823246454,0.0,0.0,0.08237988367103362,0.17505221188532372,0.015680042381727547,0.11749347258485639,8.080808080808081,0.0,0.00024283385984984966,6.8,7.3,6.5,5.4,7.2,7.3,9.6,5.2,4.8,7.1,6.8,3.5,8.8,7.6,2.8,4.1,6.9,0,7.6,7.5,8.0,8.1,7.8,7,2.3000000000000003,10,6.1,7.6,7.7,7.5,6.5,Very High
28,Cabo Verde,139,0.0065528139204696426,1.6621465592669602,0.002200344156393692,0.009998045916069644,0.0,0.0,0.0036271776794200893,0.05164230112018226,0.002460177217024817,0.7571801566579636,7.6767676767676765,0.3448275862068966,0.0024932825377606653,4.7,2.6,5.8,3.4,3.5,4.9,5.0,5.3,4.1,1.8,0.0,1.7,3.7,1.5,3.3,4.3,4.7,2,5.6,4.5,4.3,4.2,4.4,4.7,1.45,9,0.6,6.45,5.4,7.5,4.5,Medium
29,Cambodia,151,0.00044603040777458876,0.003317010792286677,0.0,0.0007879370686920034,0.0,0.0,0.11592546183774402,0.035314220618948164,0.10778556023132384,2.402088772845953,8.282828282828282,0.0,0.00013271152805747598,4.9,3.8,5.4,4.1,4.6,5.8,7.5,6.3,1.9,3.1,0.0,2.7,4.7,4.25,3.6,4.3,5.9,2,5.9,6.6,7.1,8,6.1,6,3.4333333333333336,9.4,1.8,5.2,5.4,5,4.9,Medium
30,Cameroon,165,0.03332160761206645,0.17577858259257742,0.023188242263533526,0.06181278755325579,0.0,0.0,0.18420148027932484,0.020505031327131194,0.2886443067963724,3.550913838120105,9.292929292929292,0.6896551724137931,0.0030467178462556714,6.4,7.7,5.7,4.6,6.3,6.1,7.9,6.5,2.1,6.5,9.0,6.3,2.6,5.800000000000001,2.4,3.2,6.5,0,6.4,7.0,7.1,7.5,6.6,6.8,2.35,9.6,5.9,5.6,6.2,5,5.7,High
31,Canada,186,0.224442152730917,0.8346546615356591,0.5161217523766538,0.40135763307906897,0.6832514028737515,2.0557924966471552,0.2619918644670212,0.0007594456047085627,5.552654173395416,5.587467362924282,8.98989898989899,2.4137931034482762,0.014335668679740541,2.0,0.1,2.9,3.9,1.5,0.4,0.0,1.7,0.0,2.4,6.2,0.1,0.6,0.9,5.7,5.7,3.4,6.8,1.1,2.0,2.0,2.3,1.6,1.9,2.266666666666667,0,0.1,0.05,0.1,0,2.0,Low
32,Central African Republic,139,0.00815922031097031,0.23745499567359102,0.0034415639369234675,0.006247465469095707,0.0,0.0,0.03332084928314074,0.002278336814125688,0.38040177276865317,0.18276762402088775,3.8383838383838382,0.3448275862068966,0.008058695767575242,6.5,8.5,5.5,7.3,9.4,9.6,10.0,8.5,10.0,9.2,9.8,8.8,9.6,7.9,2.8,1.1,9.3,0.4,9.1,8.7,8.0,7.5,8.4,9.3,8.8,10,9.2,9.35,8.7,10,7.6,Very High
33,Chad,144,0.001726625523846162,0.014338167789203942,0.004344269231854213,0.003074705539162573,0.0,0.0,0.1138890339353433,0.004176950825897095,0.7688887295856126,0.039164490861618814,8.787878787878787,2.7586206896551726,0.00014682977572316492,7.7,9.8,6.6,5.9,7.9,8.5,10.0,7,7.0,7.2,8.6,3.6,8.5,6.5,2.8,2.7,8.4,0,8.3,9.1,8.1,8,8.1,9.8,9.8,9.8,10,7.3,7.1,7.5,7.2,Very High
34,Chile,177,0.7010134472941025,5.150041023640437,0.6200456994555559,1.3176689109449011,0.2964456728746068,1.761038916508891,0.13258114803137516,0.009113347256502754,0.45401291296889534,0.731070496083551,9.494949494949493,1.0344827586206897,0.0426540498475794,2.9,0.0,4.4,3.3,1.7,1.7,1.1,4.6,0.0,1.7,3.4,0.6,1.6,1.1,4.7,4.9,4.3,4.8,2.8,3.1,3.1,3.3,2.8,3,1.1666666666666667,3.4,0.1,2.55,2.6,2.5,3.0,Low
35,China,240,0.15645387705833885,0.014591074421306019,0.26601596659990406,0.29533632305840046,0.0,0.0,10.0,0.057338143155496485,5.732603710758144,4.934725848563969,9.494949494949493,1.724137931034483,0.002154444593784131,4.0,1.5,5.2,4.1,2.9,2.6,3.7,2.8,0.0,3.1,5.3,0.4,1.8,4.1,5.2,5.9,3.7,5.6,2.5,4.2,5.0,5.9,4.0,3.3,0,7.6,0.3,0.3,0.6,0,3.4,Low
36,Colombia,167,0.9969929535907103,2.75138204057688,1.0259245676887923,1.4256898301487835,0.3242128523541993,0.7235755426544405,0.3532920083932087,0.01670780330358838,0.6774793154906473,0.9007832898172325,7.171717171717171,1.0344827586206897,0.4149183569973989,3.8,1.7,4.9,4.5,4.7,3.8,3.9,5.9,1.3,5.5,10.0,0.6,1.2,2.65,4.2,4.4,5.8,3.2,4.6,5.0,5.8,6.3,5.2,4.1,1.4333333333333333,7.4,0.9,4.2,3.4,5,4.3,Medium
37,Comoros,114,0.0007073763498300119,0.11835484486325844,0.0003949335665322012,0.0013972750684804862,0.0,0.0,0.005806127257154378,0.17657110309474083,0.0011357482312400497,0.587467362924282,9.494949494949493,0.6896551724137931,4.517839253020458e-05,6.6,6.3,6.7,3.9,4.9,6.2,7.9,5.1,3.9,3.3,0.0,2.7,7.3,0.9,2.7,2.7,7.9,0,8.2,6.9,7.9,7.5,8.3,5.7,1.4,9.8,3,9.05,8.1,10,6.0,High
38,Congo (Brazzaville),150,0.006903017482823909,0.17577652361401572,0.004400688312787384,0.006100383882939866,0.0,0.0,0.038103207766327286,0.005316119232959939,0.208525207107659,0.39164490861618806,4.444444444444444,0.6896551724137931,0.006093435692511343,5.9,6.2,5.7,4.8,6.5,5.4,6.8,6.9,1.0,7.4,7.4,5.7,9.0,6.7,2.6,2.7,6.2,0.8,6.4,7.4,7.8,8.1,7.4,6.9,5.35,9.3,4.2,5.15,5.3,5,5.7,High
39,Congo (Kinshasa),164,0.01740563974089118,0.02666335049644859,0.014556122880758273,0.0317556148395515,0.0,0.0,0.6220253155471961,0.014429466489462693,1.3842994042389911,2.389033942558747,9.191919191919192,1.0344827586206897,0.0019200816825336946,7.9,9.3,7.2,5.7,7.7,6.7,9.2,6.5,1.9,8.4,9.0,5.5,9.2,8.75,2.6,2.8,7.5,0,6.9,7.7,8.2,8.2,8.1,7,3.25,10,5.3,5.8,6.6,5,6.8,Very High
40,Costa Rica,167,0.06001548213360736,1.6548372746915427,0.020423707297808118,0.044677782766100356,0.015367431074277425,0.3425766070735624,0.03515752589778051,0.03721283463071957,0.03117751018219661,0.6005221932114883,3.737373737373737,0.3448275862068966,0.06026232833622664,3.2,0.6,4.5,3.5,2.3,2.4,2.1,4.8,0.4,2.2,5.2,0.3,2.1,0.4,4.5,5.2,4.0,4.4,3.4,4.0,4.3,4.4,4.2,3.7,0.6666666666666666,5.9,0.3,2.75,3,2.5,3.4,Low
41,Cote d'Ivoire,158,0.030568763689082654,0.1622421642682905,0.006431775226381563,0.055708901727788404,0.015899053519298913,0.06844635170426921,0.1830370935466442,0.03075754699069679,0.19417569988500247,0.09138381201044386,9.191919191919192,0.3448275862068966,0.004345596631499053,6.6,6.7,6.5,4.4,5.8,6.0,8.3,6.5,0.8,5.6,7.1,5.2,4.2,5.35,2.7,4.3,5.8,0.4,6.0,6.6,6.3,6.5,6.1,6.8,1.25,9.6,6.9,5.3,5.6,5,5.6,High
42,Croatia,177,0.015985660122390045,0.5472421947739153,0.009986177325171373,0.0230953109689945,0.02086846009320506,0.5772639348494077,0.028287116831564946,0.026960318967153975,0.03416953509245266,8.276762402088773,7.272727272727272,0.6896551724137931,0.006830408220660305,2.4,0.3,3.5,5.6,1.1,1.3,1.3,1.6,0.8,0.9,1.2,0.1,1.7,0.55,8.1,7.6,5.6,9.6,3.1,3.5,4.7,5.3,4.1,2.1,0.95,4.4,0.1,2.6,2.7,2.5,3.5,Medium
43,Cuba,160,0.00649357550693708,0.08020938580794454,0.005134136364918615,0.010863025720367087,0.048570782155447974,0.4869679067035779,0.07846011725317217,0.039491171444845256,0.06499349784137616,4.164490861618799,8.383838383838382,0.6896551724137931,0.0015530072432257823,2.9,1.0,3.8,4.4,1.6,2.7,2.4,4.2,1.6,0.4,0.0,0.4,0.8,0.4,6.4,6.7,4.5,7.2,3.0,3.5,5.4,5.2,5.5,1,0,1.8,0.4,2.5,0,5,3.4,Low
44,Cyprus,167,0.0025559633133020376,0.3000997250335832,0.001128381618663432,0.0032743162632312144,0.0,0.0,0.008152826229382588,0.04898424150370229,0.005641493499154204,4.046997389033943,6.363636363636363,0.3448275862068966,0.001490886953496751,2.9,0.1,4.3,4.4,2.9,0.8,0.5,1.7,0.4,4.5,9.0,0.1,3.1,0.8,5.6,6.9,4.4,5.6,2.8,3.1,3.7,4.2,3.2,2.5,1.7666666666666666,2.5,0.1,2.55,2.6,2.5,3.3,Low
45,Czechia,174,0.03925590280300492,0.5145607749146697,0.023470337668199386,0.05834936639353849,0.11233070260535112,1.1911755082000517,0.07416886902304241,0.05202202392253654,0.047163471845564624,3.407310704960836,7.474747474747474,0.6896551724137931,0.015442539296730553,2.8,0.1,4.1,5.3,0.8,0.4,0.2,1,0.3,1.2,2.3,0.1,1.6,0.6000000000000001,7.8,6.8,5.3,9.6,2.7,2.5,3.8,4.4,3.2,0.9,1,1.7,0,2.9,3.3,2.5,3.4,Low
46,Denmark,176,0.029523379920860963,0.7159309120235747,0.0351490874213659,0.05243808740708471,0.3007511374532363,5.89642807313077,0.040007723392226115,0.05126257831782798,0.02590788263617423,8.798955613577025,8.888888888888888,1.3793103448275863,0.003851457963199941,2.9,0.0,4.3,4.8,1.2,0.2,0.0,0.7,0.1,2.1,5.2,0.1,1.4,0.7,7.1,8.2,2.7,8.8,0.7,1.2,1.3,1.3,1.3,1.1,0.7999999999999999,0,0,0.2,0.4,0,2.1,Low
47,Djibouti,159,0.009352700113023409,1.3330824237195635,0.003385144855990296,0.01862683230387896,0.0,0.0,0.006628748221314659,0.015568634896525536,0.014153499060168339,0.3524804177545693,10.0,0.3448275862068966,1.4118247665688934e-05,5.4,4.1,6.0,4.6,5.6,6.3,8.1,4.2,4.9,4.7,6.1,2.4,5.1,4.7,3.3,3.7,6.3,1.6,6.8,6.7,6.9,7,6.8,6.5,4.5,9.8,2.8,6.9,6.3,7.5,5.5,High
48,Dominica,153,5.226918841108465e-06,0.06730906583427275,0.0,6.303496549536028e-05,0.0,0.0,0.00026440122628670394,0.03569394342130244,0.00045735237913913833,1.9843342036553526,9.09090909090909,0.0,2.8236495331377864e-06,3.9,1.6,5.0,4.0,2.3,3.4,3.5,3.4,3.1,1.0,0.0,0.6,2.3,1.0,5.3,6.4,4.1,5.3,4.8,5.5,5.1,4.5,5.6,5.9,2.25,8.2,5.9,4,3,5,4.2,Medium
49,Dominican Republic,169,0.1632802330648265,2.113740585860293,0.09438912240119608,0.2322488284251274,0.0,0.0,0.0751341297763412,0.08467818492500474,0.02950441870176772,0.8485639686684074,7.171717171717171,0.6896551724137931,0.07267509168390035,4.2,2.3,5.1,3.5,2.7,3.6,3.8,5.6,1.0,1.6,0.0,1.3,3.1,1.75,4.2,5.5,6.4,2.4,5.5,5.8,6.5,7.2,5.8,4.9,4.2,7,1.1,5.1,5.2,5,4.3,Medium
50,Ecuador,176,0.19258059778180017,1.5326326479330372,0.36164630878162995,0.33302422853957087,0.03248757524632535,0.2091071877490532,0.12234591289011701,0.026200873362445413,0.1516523091196492,4.2297650130548305,8.686868686868687,2.0689655172413794,0.025528615429098726,3.5,1.4,4.6,3.6,3.4,3.4,3.8,5.1,0.8,3.3,6.0,0.7,2.9,2.6,3.7,4.3,6.4,2,4.6,5.2,5.9,6.2,5.5,4.3,3.1,7,0.7,3.85,2.7,5,3.9,Medium
51,Egypt,177,0.17158232249078711,0.2348536203942627,0.3033089790967305,0.24969550609723212,0.0,0.0,0.7107704772279554,0.03835200303778241,0.6078384091611163,0.6657963446475196,7.272727272727272,1.724137931034483,0.061606385514000224,3.0,0.6,4.2,4.0,3.4,3.6,4.4,3.9,1.5,3.1,6.6,0.2,0.0,3.7,4.6,5.8,6.0,3.2,4.0,5.5,6.4,6.5,6.2,4.4,0.8,8.4,0.4,2.15,1.8,2.5,3.6,Medium
52,El Salvador,152,0.04319874191548107,0.9353795572790045,0.0377443651442918,0.04374626605378003,0.039140279248429125,0.6852652008193976,0.04482956662561598,0.11809379153218151,0.01265138043175408,2.885117493472585,5.05050505050505,1.0344827586206897,0.032892693411522074,3.8,0.9,5.3,4.2,3.0,4.4,5.2,4.3,2.9,1.3,0.0,1.2,2.8,1.1,5.2,6.7,6.7,3.6,4.7,5.5,6.3,6.6,5.9,4.5,2.1999999999999997,8.1,0.5,3.75,2.5,5,4.2,Medium
53,Equatorial Guinea,157,0.008579116124539356,0.8611304555784987,0.004682783717453243,0.013601544776887738,0.0,0.0,0.009512010417887719,0.018226694513005504,0.017127205450565675,0.5221932114882507,7.979797979797979,0.6896551724137931,0.002747410995743066,6.7,5.7,7.2,3.9,4.7,4.2,6.2,4.2,0.1,5.1,0.0,6.4,2.8,8.149999999999999,2.9,3.8,5.5,1.2,7.6,7.6,8.0,8.4,7.6,7.2,10,7.3,3.3,7.65,7.8,7.5,5.8,High
54,Eritrea,155,0.0005244341903912157,0.021263723510626772,0.0,0.0009945516778156844,0.0,0.0,0.024404326982519636,0.012530852477691286,0.06167173957366332,0.14360313315926898,8.98989898989899,0.0,9.318043459354695e-05,6.4,8.9,5.1,4.4,5.7,6.9,9.3,6.9,2.1,4.2,2.2,1.6,5.6,6.3,2.8,2.3,7.9,0.4,7.2,7.3,8.1,7.7,8.5,6.4,1.0999999999999999,10,5.3,7,6.5,7.5,5.9,High
55,Estonia,174,0.003996850607167604,0.42563615840334085,0.0036108211797229823,0.007192989951526111,0.018865564066261047,1.6150148032789122,0.008980845689215573,0.01101196126827416,0.025883457943029282,6.031331592689296,8.98989898989899,1.0344827586206897,0.000542140710362455,2.3,0.1,3.4,4.7,1.0,0.7,0.4,1.6,0.3,1.2,1.2,0.8,1.6,1.35,7.0,5.3,3.4,9.6,2.4,2.2,2.6,2.6,2.6,1.8,1.2,3.4,0.1,2.55,2.6,2.5,3.0,Low
56,Eswatini,146,0.007828182117700108,0.9505970765394826,0.005134136364918615,0.011763024949939731,0.0,0.0,0.0078249214632651,0.02468198215302829,0.010502007434998718,0.587467362924282,7.474747474747474,0.6896551724137931,0.002990244855592916,4.9,5.8,4.5,5.1,4.9,5.6,6.5,7.2,2.2,4.0,2.1,4.9,5.8,2.4,5.3,3.7,6.1,5.6,5.8,6.2,6.5,6.6,6.3,5.8,1.7333333333333334,7.9,4.9,5.4,5.8,5,5.3,High
57,Ethiopia,157,0.07608825757001589,0.09231441686970712,0.040001128381618664,0.05531668416470616,0.10349654932492545,0.10223297623590606,0.7985164169625611,0.04290867666603379,0.6106167180063541,5.443864229765014,3.636363636363636,0.6896551724137931,0.07675244160975131,7.6,9.7,6.5,4.7,6.4,6.7,9.4,5.2,2.8,6.1,8.2,3.1,5.6,6.05,2.5,3.6,6.3,0,5.8,6.8,6.3,6.3,6.2,7.3,4.85,9.9,4.5,4.6,4.2,5,5.9,High
58,Fiji,141,1.916536908406436e-05,0.006964570599959534,5.64190809331716e-05,8.054467813296036e-05,0.0010368070271474918,0.13134081475589873,0.005992635903020632,0.017846971710651225,0.011155367976626057,1.0052219321148825,8.282828282828282,1.3793103448275863,8.47094859941336e-06,3.3,0.8,4.5,4.3,3.3,3.4,3.5,3.9,2.5,3.1,0.0,3.7,1.6,5.9,5.1,5.0,1.9,6.8,5.0,4.4,4.5,4.5,4.5,4.3,0.26666666666666666,9.1,0.4,5.6,3.7,7.5,4.1,Medium
59,Finland,174,0.013875727216862598,0.3518060461152937,0.018900392112612487,0.024863791945392108,0.07885711228522428,1.6162185712683854,0.03826045892792358,0.006075564837668502,0.1855598893781223,8.91644908616188,8.98989898989899,1.3793103448275863,0.0015388889955600935,2.3,0.1,3.4,4.8,1.1,0.2,0.0,0.6,0.1,2.0,4.7,0.1,1.2,1.4500000000000002,7.1,7.5,2.4,9.2,0.8,1.2,1.2,1.4,1.0,1.1,1.7666666666666666,0,0,0.3,0.6,0,2.1,Low
60,France,87,0.2954359067371325,0.6350833549380603,1.421986515839657,0.1802659935466203,0.10626523172539382,0.1848756204539717,0.45327617801680525,0.044427567875450914,0.33434718199186914,6.775456919060053,3.03030303030303,5.172413793103448,0.26232268892756666,2.8,0.1,4.2,4.9,1.8,0.5,0.2,1.3,0.2,2.9,7.1,0.3,0.8,0.8,7.0,7.5,5.3,7.6,2.0,1.8,2.6,3.1,2.0,0.9,1.6333333333333335,0,0.1,2.15,1.8,2.5,3.0,Low
61,Gabon,152,0.014788695707776208,0.9344046810953069,0.0029902112894580946,0.02516846094528635,0.0,0.0,0.01522836423541917,0.0026580596164799694,0.15733715644913568,1.8276762402088775,8.585858585858585,0.3448275862068966,0.003569093009886162,5.0,4.1,5.5,3.7,4.5,4.3,5.5,5.2,0.8,4.6,1.3,6.3,2.8,6.550000000000001,2.7,1.7,5.8,1.6,6.6,6.4,6.8,6.9,6.6,6,4.1,8.3,2.8,6.75,6,7.5,5.0,High
62,Gambia,133,0.0050143574749033845,0.2924651433797763,0.005416231769584473,0.0026299588381675314,0.0,0.0,0.016554949013761713,0.08999430415796468,0.006178836748343045,2.545691906005222,2.6262626262626263,1.0344827586206897,0.005780010594333048,6.9,6.6,7.0,3.9,5.4,7.1,8.9,5.5,5.0,3.1,2.9,2.3,2.9,4.3,2.1,3.4,5.1,0,6.9,6.7,6.3,6.3,6.2,7.1,2.6666666666666665,9.9,6.6,7,6.5,7.5,5.7,High
63,Georgia,175,0.002517632575133909,0.08900511855986985,0.0010719625377302604,0.004188323262913938,0.0,0.0,0.027480469022554663,0.020884754129485476,0.042431187548731084,2.3237597911227157,8.282828282828282,0.3448275862068966,0.0006946177851518955,3.1,0.7,4.3,5.3,3.7,2.9,2.3,4,3.0,4.4,8.7,1,2.8,1,6.6,6.1,4.3,8,4.0,3.7,4.1,4.4,3.8,3.3,2.033333333333333,7.5,0.3,4.2,3.4,5,4.0,Medium
64,Germany,203,0.40742786982672236,0.6823615237674435,0.5231177184123671,0.7270242803683202,1.441323390335276,1.9535569322353843,0.5818842625128089,0.09037402696031897,0.2128361654477422,10.0,8.98989898989899,1.3793103448275863,0.04795121637174589,2.2,0.1,3.3,5.6,2.1,0.4,0.0,1.4,0.1,3.6,8.2,0.1,0.8,1.65,7.8,8.7,4.1,9.2,0.8,1.2,1.9,2,1.8,0.4,1.4000000000000001,0,0.1,0.45,0.9,0,2.1,Low
65,Ghana,158,0.07576941552070827,0.3419360406870241,0.014725380123557787,0.14544267705296127,0.05691316513886208,0.20799640182621748,0.21565502673299275,0.05126257831782798,0.13893925633770413,0.2349869451697128,9.595959595959595,0.3448275862068966,0.004831264351198752,5.5,6.0,5.3,3.5,4.4,5.3,7.1,5.9,1.2,3.4,3.5,4.7,1.1,3.75,2.5,3.7,4.8,0.8,5.5,5.8,5.7,5.9,5.4,5.8,0.9,9.5,3.4,5.15,5.3,5,4.7,Medium
66,Greece,175,0.01613898307506256,0.21719366558938635,0.013991932071426556,0.004717116584569461,0.11564819857351191,1.2599964207154644,0.07218228514632506,0.029998101385988227,0.07870796304226407,6.357702349869453,1.515151515151515,1.0344827586206897,0.02169692301263075,2.2,0.1,3.3,5.6,2.1,1.5,0.6,2.2,2.5,2.7,6.6,0.2,1.1,0.8500000000000001,7.7,7.7,5.6,8.8,2.9,3.3,4.8,5.2,4.3,1.5,1.0666666666666667,2.5,0,2.5,2.5,2.5,3.3,Low
67,Grenada,121,1.219614396258641e-05,0.05151506218626185,0.0,8.054467813296036e-05,0.0,0.0,0.0005460470680941961,0.12492880197455858,0.0002069992744034284,3.5639686684073113,9.696969696969695,0.0,0.0,2.7,0.8,3.6,3.7,2.3,2.2,2.7,2.2,1.2,2.4,0.0,0.1,5.7,2.4,4.8,5.8,3.9,4.8,4.8,4.5,5.1,4.7,5.5,3.9,1.95,7.6,0.3,5,5,5,3.6,Medium
68,Guatemala,163,0.1283417652245772,1.0057022893952505,0.15391125278569212,0.2141893108107067,0.0,0.0,0.12423930497473913,0.06265426238845642,0.06543314231798521,0.39164490861618806,8.383838383838382,1.3793103448275863,0.027635057980819513,4.6,2.4,5.7,4.1,4.6,5.4,6.7,6.2,1.9,3.8,7.0,1.1,4.0,1.55,3.6,3.9,7.2,1.6,5.9,6.2,6.9,7.4,6.4,5.4,2.8333333333333335,8.6,1.1,5.65,3.8,7.5,4.8,Medium
69,Guinea,153,0.016088456192931845,0.17169882277610024,0.003328725775057124,0.029003088012920765,0.0,0.0,0.09100921572888608,0.01936586292006835,0.15004027937208267,0.026109660574412524,9.09090909090909,0.3448275862068966,0.002566697425622248,6.9,7.8,6.5,4.7,6.1,5.5,9.1,2.2,1.5,6.7,2.7,5.4,4.0,10,2.9,3.9,7.7,0,6.7,8.0,7.0,7.1,6.9,8.8,9.2,9.8,6.4,4.75,4.5,5,6.0,High
70,Guinea-Bissau,147,0.003812166141448438,0.27349921645198877,0.0019182487517278343,0.003946689228515057,0.0,0.0,0.013437668630254248,0.025821150560091134,0.017169948663569332,0.2088772845953003,5.151515151515151,0.6896551724137931,0.0029450664630627115,7.0,7.9,6.5,4.7,6.4,7.1,9.2,6.4,3.6,5.5,3.2,5.6,7.2,5.2,2.3,1.4,7.1,0.4,7.2,7.6,8.1,8.2,8.0,7.1,2,9.8,7.4,6.75,6,7.5,6.2,High
71,Guyana,161,0.0020332714291911914,0.3676821676230464,0.001974667832661006,0.0022272354475027295,0.0,0.0,0.005229113528554077,0.0007594456047085627,0.12019941052224331,0.39164490861618806,5.454545454545454,1.0344827586206897,0.0014457085609665466,2.4,1.5,2.9,3.9,3.6,4.4,4.5,6.6,2.1,2.6,0.8,4,2.6,2.6,4.1,2.9,6.2,3.6,5.2,5.4,5.8,6,5.5,4.9,0.5333333333333333,9,1.9,5,5,5,3.7,Medium
72,Haiti,154,0.014211992328973909,0.17474271449140244,0.011340235267567491,0.020111655935547448,0.0,0.0,0.07898754402731162,0.15644579456996394,0.01682800295954007,0.14360313315926898,7.07070707070707,0.6896551724137931,0.0062939148093641255,6.8,6.9,6.7,5.6,6.9,7.5,8.2,6.2,7.4,6.1,4.7,3.3,9.0,5.1,3.9,3.8,7.8,2,7.7,8.4,8.5,8.2,8.8,8.2,8.3,9.8,5.3,6.8,6.1,7.5,6.6,Very High
73,Honduras,164,0.10389023888587179,1.472943273476068,0.10392394707890208,0.035565728309493276,0.0,0.0,0.068580182332906,0.033035883804822475,0.06832136228237523,0.3002610966057441,1.7171717171717171,1.0344827586206897,0.13453560565588296,4.3,1.5,5.7,4.1,4.8,5.7,6.4,6.4,3.4,3.8,7.1,1.1,3.4,1.8499999999999999,3.3,4.0,6.0,1.6,6.5,5.9,6.8,7.4,6.2,4.8,0.3,8.8,0.7,7.05,6.6,7.5,4.9,Medium
74,Hungary,170,0.009342246275341191,0.1355779492161896,0.03464131569296736,0.013156798075892697,0.05324025573305709,0.6258534463696515,0.06688312318357252,0.03987089424719954,0.055278576142973365,5.339425587467363,7.07070707070707,3.7931034482758625,0.002843415079869751,2.4,0.1,3.5,5.4,1.4,1.3,1.1,2.4,0.5,1.5,2.8,0.1,1.6,1.3,7.7,6.8,4.9,9.6,3.1,3.2,4.8,5.6,4.0,1.3,0,3.5,0.1,2.9,3.3,2.5,3.4,Low
75,Iceland,177,0.003597862468962991,1.492343509067077,0.000564190809331716,0.00685330152635667,0.011388207119062695,3.789806464624104,0.00213516409545709,0.0003797228023542813,0.06121377657719556,6.6449086161879904,9.494949494949493,0.0,0.00032189604677770764,3.8,0.1,5.7,3.6,0.7,0.2,0.0,0.8,0.1,1.1,2.2,0.1,0.9,1.1,5.7,5.3,4.7,6.4,1.3,1.7,2.2,2.2,2.1,1.1,1.4333333333333333,0,0,0.8,1.6,0,2.6,Low
76,India,176,5.767411868485843,0.5863069547213658,3.4117746621907528,8.838100994621716,5.0240417850553305,0.4134263980441235,9.58785653073235,0.17543193468767798,1.8154807246733182,3.7728459530026113,7.6767676767676765,0.6896551724137931,2.049941324562701,4.7,3.2,5.4,4.5,4.5,4.6,6.6,4.7,0.4,4.3,6.1,2.2,4.4,3.75,4.5,5.6,5.3,3.6,4.6,5.4,5.2,5.9,4.4,5.6,2.8,9.4,1.6,3.75,2.5,5,4.6,Medium
77,Indonesia,172,0.28376419696493727,0.14504583618029884,0.3985443877119242,0.4152428352006858,0.15790671305005213,0.06555883481381504,1.9001710110724779,0.05657869755078792,1.106175423397476,3.6422976501305486,7.373737373737373,1.3793103448275863,0.10516400321218372,4.4,2.8,5.2,3.9,3.4,3.6,4.7,4.7,0.2,3.2,3.4,2.7,2.2,4.2,4.4,6.1,4.3,3.6,5.1,5.7,5.3,6,4.6,6.1,4.75,8.9,2,4.35,3.7,5,4.4,Medium
78,Iran,188,0.6369680107340006,1.0644933689951102,1.185929081215267,1.1026566436402272,0.4055289463602591,0.5482825915761067,0.5833364161615411,0.01898614011771407,0.9944202399127697,4.112271540469974,8.686868686868687,2.0689655172413794,0.08390474587718932,3.6,1.1,4.8,3.7,3.1,2.4,2.1,5.2,0.1,3.8,8.0,0.1,1.3,2.5,4.2,5.1,5.1,3.2,3.8,5.2,6.7,7.4,5.9,3.2,0.1,4.9,0.2,2,1.5,2.5,3.7,Medium
79,Iraq,179,0.36924696999870543,1.288780424221359,0.3721402578351999,0.5384621849740051,0.19303377680525804,0.5449915263048241,0.27922493957428013,0.0345547750142396,0.2652027075505092,0.6657963446475196,7.373737373737373,1.0344827586206897,0.14566925576504527,4.2,0.6,6.0,4.5,5.6,4.4,4.9,4.2,3.6,6.6,9.1,0.5,6.8,6.8,3.1,5.1,5.0,1.2,6.0,7.0,7.8,8,7.6,6.1,6.766666666666667,8.5,0.9,4.65,1.8,7.5,4.8,Medium
80,Ireland,174,0.04938741382335349,1.4049453968460885,0.10025670681824593,0.08181938521297763,0.10292507473189404,2.3670877298991027,0.03407135134758072,0.026580596164799696,0.042064817151556876,8.18537859007833,8.282828282828282,2.0689655172413794,0.009094975146236809,3.1,0.7,4.3,3.8,0.9,0.4,0.0,1.5,0.1,1.3,3.9,0.2,0.2,0.35,5.9,7.1,3.7,6.4,2.4,1.9,2.4,2.6,2.2,1.4,1.0499999999999998,0,0.1,2.9,3.3,2.5,3.0,Low
81,Israel,173,0.1735023440117543,2.815176810038842,0.04485316934187142,0.2611713717599152,0.28703223085448115,3.7658427069779283,0.05990179135877944,0.15112967533700397,0.013213148374087868,5.483028720626632,7.575757575757575,0.3448275862068966,0.06840008629072974,4.1,0.0,6.2,3.2,1.4,0.6,0.0,2.4,0.1,2.2,5.4,0.1,0.0,2.2,4.6,6.4,4.9,3.6,1.5,2.4,3.3,4,2.6,1.3,0.5,0.5,0,0.45,0.9,0,2.7,Low
82,Italy,188,0.4573954716414389,1.0619058740796965,2.0005077717283983,0.7225522997606773,1.0704626870849974,2.0105538150763045,0.4198452119281089,0.0774634516802734,0.1796063704240414,5.7441253263707575,7.979797979797979,4.8275862068965525,0.05859637511167535,2.8,0.1,4.1,5.8,1.5,0.6,0.3,1.8,0.1,2.4,6.5,0.2,0.4,0.5,8.2,8.6,5.8,9.2,1.9,3.0,4.5,4.7,4.2,1.1,1.4666666666666668,0,0,0.75,1.5,0,3.1,Low
83,Jamaica,168,0.0036518739636544452,0.17393797664447977,0.001128381618663432,0.0031167288494928134,0.0,0.0,0.020338057759311155,0.10290487943801026,0.006612375051665859,0.6135770234986946,4.242424242424242,0.3448275862068966,0.0033940267388316192,4.0,2.1,5.0,4.1,2.8,3.9,4.1,5.4,2.1,1.5,0.0,1.7,2.9,1.1,5.2,6.2,5.0,4.8,4.2,4.7,4.9,5.7,4.0,4.4,0.85,8.4,0.9,3.7,2.4,5,4.1,Medium
84,Japan,210,0.11283523932928874,0.12465665047713752,0.06939546954780107,0.18002435951222143,0.17930640488094524,0.16099468443546713,0.8785063720087597,0.13100436681222707,0.222602989619078,8.237597911227153,7.979797979797979,0.6896551724137931,0.03428192898182587,3.2,0.1,4.7,5.7,1.1,0.3,0.0,1.3,0.0,1.9,3.7,0.2,2.4,1,8.2,8.9,3.8,10,0.7,1.4,2.2,2.7,1.6,0.6,0.2333333333333333,0,0.1,0,0,0,2.3,Low
85,Jordan,167,0.003268566581973158,0.0447223179233288,0.000846286213997574,0.005067310837321462,0.0,0.0,0.07065430938269422,0.04290867666603379,0.05420999581788192,4.8172323759791125,7.6767676767676765,0.3448275862068966,0.001214169299249248,4.1,0.3,6.0,4.0,4.8,3.6,2.2,4.2,5.8,5.8,10.0,0.1,3.6,2.6,3.0,4.6,4.2,1.6,4.8,4.4,5.0,5.2,4.8,3.8,0,8.5,0.5,5.1,5.2,5,4.3,Medium
86,Kazakhstan,162,0.18274179421655368,1.3664633173091305,0.0798329995204378,0.327098941783007,0.31610658683595516,1.9117871753812403,0.13022238755530163,0.0018986140117714066,1.6484829914680272,5.522193211488251,8.98989898989899,0.3448275862068966,0.028465210943562025,2.6,0.3,3.8,2.7,0.9,1.1,1.3,1.7,0.0,0.7,0.0,0.5,0.8,1.6,4.2,4.9,4.6,3.6,4.1,4.3,5.8,6.6,5.0,2.3,0.06666666666666667,7.3,0.1,3.95,2.9,5,3.1,Low
87,Kenya,156,0.05669464636322312,0.14748539150391357,0.031256170836977064,0.06616920405749069,0.055397611392484065,0.11699464467517001,0.3733602733784313,0.034934497816593885,0.3475261357955541,2.637075718015666,5.858585858585858,0.6896551724137931,0.03700957443083697,6.0,7.4,5.3,4.7,6.1,5.7,7.5,5.7,1.9,6.5,7.7,4.6,7.5,5.4,2.9,3.4,6.5,0.8,6.3,6.8,6.5,7.2,5.8,7.1,5.866666666666667,9.7,3.8,5.75,6.5,5,5.6,High
88,"Korea, South",210,0.03320835770384243,0.090376050550981,0.017828429574882225,0.05095676571794374,0.23670847512970705,0.5243035710871171,0.35597592922640264,0.19935447123599773,0.059369712244752036,9.490861618798956,7.6767676767676765,0.6896551724137931,0.011884740884976942,3.9,0.0,5.9,4.8,1.2,0.4,0.0,1.3,0.1,1.9,3.6,0.4,1.0,2.2,7.1,8.3,4.7,7.6,1.3,2.2,3.4,4.1,2.6,0.8,0.2333333333333333,1,0.1,0.3,0.6,0,2.9,Low
89,Kuwait,184,0.1433116607855118,4.71354448451351,0.029394341166182402,0.2588145644388942,0.07806501828458227,2.075849883486756,0.029435627679287906,0.09037402696031897,0.010880590178745401,5.143603133159269,9.09090909090909,0.3448275862068966,0.02214588328839966,4.9,0.0,7.3,3.2,1.9,1.7,1.8,3.3,0.0,2.0,1.6,0.3,1.0,4.6,4.3,5.8,4.9,3.2,3.6,3.8,5.6,6,5.2,1.5,0,0.3,0.1,3.45,4.4,2.5,3.8,Medium
90,Kyrgyzstan,162,0.07613007292074475,1.63886516646144,0.05963496854636238,0.13297926359751755,0.0,0.0,0.045093516240295575,0.012151129675337003,0.11711579301269372,2.1801566579634466,8.787878787878787,0.6896551724137931,0.013217503464617978,3.1,1.2,4.1,3.1,3.1,3.9,4.0,2.9,4.8,2.1,0.8,0.8,2.4,3.9,3.1,3.9,5.3,1.6,5.7,5.4,6.6,7,6.2,4,1.2,9.4,0.7,5.9,4.3,7.5,3.8,Medium
91,Laos,137,8.711531401847437e-06,6.11769172152583e-05,0.0,6.653690802288029e-05,0.0,0.0,0.05031390324302608,0.011391684070628441,0.14092986882901734,2.6762402088772848,8.686868686868687,0.0,5.647299066275574e-06,4.1,3.6,4.4,3.6,4.0,5.0,6.8,4.6,1.6,2.9,0.0,1.7,4.9,4.2,3.2,4.2,4.7,2,6.6,6.2,6.7,7.1,6.3,5.7,2.55,9.6,2.1,7,6.5,7.5,4.6,Medium
92,Latvia,170,0.0023503711722184383,0.17654122321083704,0.0019182487517278343,0.004072759159505778,0.031885234773952886,1.919675255096418,0.012869311948768733,0.01063223846591988,0.037979787223064436,4.908616187989557,8.585858585858585,0.6896551724137931,0.0004743731215671481,2.4,0.6,3.3,5.6,1.1,1.2,0.9,2.3,0.6,1.0,1.3,0.7,1.4,0.75,8.1,7.2,5.1,10,2.8,3.0,3.7,4.4,2.9,2.2,1.3,4.8,0.2,2.5,2.5,2.5,3.4,Low
93,Lebanon,182,0.028326415506247125,0.5828191825640874,0.008744957544641599,0.015702710293399747,0.0,0.0,0.04718656234248634,0.25251566356559707,0.0062460046544916496,4.8172323759791125,2.8282828282828283,0.3448275862068966,0.03285316231805815,4.5,0.7,6.4,5.4,5.2,3.9,3.4,3.3,5.3,6.3,10.0,0.1,3.4,5.4,5.5,6.2,7.0,4.4,5.2,5.7,6.8,7.2,6.3,4.2,4.666666666666667,6.3,0.3,4.6,4.2,5,5.0,High
94,Lesotho,66,0.00180154469390205,0.11937672810992626,0.0017489915089283195,0.0018420217694755281,0.0,0.0,0.01464832123511578,0.026200873362445413,0.018537731479686383,0.2872062663185379,5.05050505050505,1.0344827586206897,0.0013920592198369286,5.5,7.1,4.7,5.7,5.8,6.9,7.8,7.3,4.6,4.4,0.0,7.3,3.8,4.6,5.6,3.3,6.2,6.4,6.8,6.4,6.4,6,6.7,6.4,1.6333333333333335,9.3,6,7.1,6.7,7.5,6.0,High
95,Liberia,149,0.00224234818283553,0.06241339281634989,0.004626364636520071,0.0030536938839974535,0.0,0.0,0.034904366326575446,0.01936586292006835,0.05881405047570449,0.14360313315926898,6.767676767676767,2.0689655172413794,0.0009854536870650874,7.0,7.9,6.5,5.3,6.8,7.4,9.0,5.7,6.0,6.1,3.4,4.8,8.3,6.5,3.2,4.4,7.4,0.4,6.4,7.4,7.5,7.2,7.7,7.2,2.2,9.7,7.3,5.2,5.4,5,6.2,High
96,Libya,152,0.022547185574261535,0.4607969755799672,0.01303280769556264,0.00466808938918418,0.0,0.0,0.04750510137865942,0.0007594456047085627,1.074405003789186,2.1148825065274153,1.0101010101010102,0.6896551724137931,0.032169839131038803,3.0,0.1,4.5,3.9,4.1,3.6,3.5,2.3,5.2,4.5,8.8,0.4,1.7,3,3.7,3.1,5.4,3.2,6.7,6.7,8.5,8.2,8.7,3.6,0.7000000000000001,8,0.8,6.7,5.9,7.5,4.3,Medium
97,Liechtenstein,166,0.00015680756523325388,0.6860560438987351,5.64190809331716e-05,0.0003396884251694415,0.0,0.0,2.9160214077658566e-05,0.0896145813556104,9.708815525116554e-05,3.263707571801567,9.191919191919192,0.3448275862068966,2.258919626510229e-05,1.9,0.0,2.8,2.6,0.9,0.0,0.0,0.0,0.0,1.7,2.6,1.7,0.8,1.7,4.0,4.9,3.1,4.0,1.5,1.5,1.5,1.5,1.5,1.5,1.5,1.5,1.5,1.5,1.5,1.5,1.9,Very Low
98,Lithuania,166,0.0047826307396142435,0.2475995213805618,0.004795621879319586,0.006310500434591067,0.08124641786493134,3.389186124125433,0.018678364259563023,0.015568634896525536,0.03826921983683206,3.7597911227154053,6.565656565656566,1.0344827586206897,0.0024678696919624254,2.4,0.6,3.3,5.2,1.0,1.0,0.6,2.4,0.5,1.0,2.0,0.5,0.8,0.6000000000000001,7.6,6.5,3.9,10,1.7,2.5,3.5,4,2.9,1.4,1.6333333333333335,3.5,0.1,0.9,1.8,0,2.8,Low
99,Luxembourg,167,0.013626577418769761,3.0633688089853153,0.006995966035713278,0.02491281914077739,0.04924774772850571,8.934139500718011,0.004113466110087089,0.09113347256502753,0.0015808882638067144,6.462140992167103,9.191919191919192,0.6896551724137931,0.0016913660703495338,3.8,0.2,5.6,4.2,1.0,0.5,0.0,1.6,0.5,1.4,3.4,0.3,1.1,0.3,6.4,6.0,4.3,7.6,1.9,1.4,1.7,2,1.4,1.1,0.9666666666666668,0,0.1,2.45,2.4,2.5,3.1,Low
100,Madagascar,160,0.025740832986178803,0.13003095599093037,0.010719625377302604,0.04816221558098277,0.0,0.0,0.1921578693553556,0.017467248908296942,0.3552534980892868,0.013054830287206262,9.393939393939394,0.3448275862068966,0.0023916311545677054,6.9,7.5,6.6,4.6,6.0,6.1,9.0,4.4,1.8,5.9,1.4,4,9.1,5.6,2.7,3.1,7.5,0,7.3,7.2,7.5,7.6,7.3,6.9,4.2,9.9,3.7,7.45,7.4,7.5,6.1,High
101,Malawi,141,0.009601849911116246,0.07003490678366121,0.009816920082371857,0.011006605363995408,0.0,0.0,0.13267668820382736,0.07632428327321056,0.057568391125312174,2.4151436031331595,5.757575757575757,1.0344827586206897,0.006240265468234508,6.6,7.5,6.2,4.8,6.1,7.1,8.6,6.6,4.5,4.9,5.0,6.3,4.5,3.5999999999999996,3.1,3.0,7.1,1.2,6.0,6.6,6.7,6.9,6.5,6.5,3.066666666666667,9.8,3.9,5.4,5.8,5,5.7,High
102,Malaysia,205,0.016158148444146623,0.06956740926538729,0.00705238511664645,0.031440440012074695,0.15664290506218134,0.5496005203055788,0.2246390337034581,0.03683311182836529,0.2006177127019823,3.407310704960836,9.797979797979798,0.3448275862068966,0.0005280224626967661,4.2,0.3,6.2,3.6,2.9,2.0,1.9,3.9,0.1,3.7,6.1,0.7,1.7,5.1,4.2,5.9,3.7,3.6,2.1,3.7,3.8,4.7,2.8,3.5,0,6.6,0.3,0.25,0.5,0,3.2,Low
103,Maldives,166,0.012558543668903265,3.27013725067451,0.0015797342661288047,0.01597235986801879,0.013923376769917246,2.9250880936309858,0.003519881709441228,0.6835010442377065,0.0001825745812584811,2.8459530026109663,6.363636363636363,0.0,0.007440316519818067,4.8,0.2,7.1,2.5,1.9,2.6,2.7,4.2,0.7,1.2,0.0,0.3,3.1,1.2,3.0,5.2,3.7,1.6,5.2,5.0,6.6,7.1,6.0,2.8,0,4.6,0.6,5.3,5.6,5,4.0,Medium
104,Mali,156,0.004773919208212396,0.03263648033963959,0.007108804197579622,0.007427620100869952,0.0,0.0,0.14046442466214998,0.00569584203531422,0.7450685475960027,0.0,7.777777777777778,1.724137931034483,0.0014372376123671332,6.0,5.0,6.5,4.8,6.5,7.5,9.7,5.5,5.0,5.2,7.0,4.3,0.8,6.9,2.5,3.9,5.9,0,6.5,7.6,7.1,7.1,7.0,8.1,6.35,9.9,6.2,5.1,5.1,5.1,5.7,High
105,Malta,162,0.002663986302684946,0.8561337389340213,0.000564190809331716,0.002990658918502093,0.02228203922555764,5.730695814117587,0.0028320355445848365,0.5232580216441998,0.00019478692783095474,3.120104438642298,5.555555555555555,0.3448275862068966,0.0019229053320668325,4.7,0.0,7.1,4.9,1.4,0.7,0.3,1.9,0.3,2.0,5.2,0.1,1.0,0.45,7.2,5.2,5.3,9.2,2.9,2.6,3.9,4.6,3.1,1,1.4500000000000002,0,0.1,3.25,4,2.5,4.1,Medium
106,Mauritania,108,0.012187432431184564,0.36835847919044606,0.008914214787441112,0.022436945773820736,0.0,0.0,0.03206947520705949,0.0011391684070628442,0.6293626699951012,0.07832898172323761,9.191919191919192,0.6896551724137931,0.0012593476917794526,6.3,6.3,6.3,4.1,5.4,6.6,8.3,5.1,4.5,3.8,6.6,1.5,2.7,3.3,2.4,3.5,6.0,0,7.4,7.4,6.9,7.2,6.5,7.8,3.4000000000000004,9.6,8.5,7.45,7.4,7.5,5.8,High
107,Mauritius,162,0.0005888995227648867,0.06762893943490321,0.000564190809331716,0.001173150746719205,0.0,0.0,0.00860033164480501,0.23694702866907158,0.001238942559777452,4.908616187989557,9.494949494949493,1.0344827586206897,2.5412845798240077e-05,3.0,0.3,4.3,5.0,1.6,2.3,2.1,3.8,1.1,0.9,0.0,0.7,2.0,0.9,7.2,6.4,4.6,8.8,3.4,3.7,4.0,4.8,3.2,3.4,1.3333333333333333,6.1,0.7,3.15,3.8,2.5,3.7,Medium
108,Mexico,162,0.9474469898958432,1.03144089447686,3.3347061976360406,1.5505971162203673,0.15531319777073857,0.13679509220449726,0.8955723716649998,0.024302259350674007,1.1870089453606791,6.6187989556135784,8.181818181818182,3.7931034482758625,0.11835891748053659,3.3,0.8,4.6,4.2,3.1,3.3,4.1,4.6,0.4,2.8,6.4,0.9,1.2,1.2,5.2,5.2,6.6,4.4,3.6,5.0,6.2,7.1,5.3,3.6,0.6333333333333333,6.9,0.4,1.95,1.4,2.5,3.7,Medium
109,Moldova,169,0.06339729862380454,2.2076641365658647,0.05585489012383988,0.08803533319932566,0.0,0.0,0.02779170584643429,0.04594645908486804,0.020058168627959352,4.856396866840732,6.969696969696969,1.0344827586206897,0.029010175303457616,3.8,1.9,4.7,4.8,2.2,2.5,2.9,1.6,2.5,1.9,1.0,1.1,3.0,2.2,6.6,5.4,6.4,7.2,4.8,5.0,6.4,6.8,5.9,3.3,2.233333333333333,8.5,0.2,4.5,4,5,4.4,Medium
110,Mongolia,160,0.0004948149836249343,0.02178942987492804,0.0,0.0010190652755083245,0.0,0.0,0.022541387415958597,0.0,0.9486300464392798,2.9503916449086165,9.797979797979798,0.0,2.5412845798240077e-05,3.8,3.4,4.0,3.3,3.1,3.9,4.8,3.1,2.7,2.3,0.0,2.6,3.9,2.1,3.5,4.5,5.5,2,4.1,4.9,6.0,6.5,5.5,3.6,3.4,8.6,0.5,3.2,1.4,5,3.7,Medium
111,Montenegro,163,0.008206262580540287,1.8410667985949327,0.005246974526784958,0.013443957363149338,0.0,0.0,0.0041279732644816935,0.017087526105942663,0.008212192452659908,2.1409921671018277,8.181818181818182,0.6896551724137931,0.0022419777293114025,2.7,0.4,3.9,3.9,1.2,1.6,1.3,1.7,2.0,0.7,1.8,0.2,0.6,0.3,5.9,5.1,4.0,7.2,4.7,4.2,5.1,5.5,4.7,3.2,2.35,5.6,0.1,5.15,5.3,5,3.7,Medium
112,Morocco,166,0.09730257883979476,0.36968688106329634,0.055516375638240856,0.14212983942192733,0.23758274790614733,0.7309534115640103,0.2562140567315682,0.03075754699069679,0.2725179031474209,2.6109660574412534,7.373737373737373,0.6896551724137931,0.040358422777138386,4.1,1.8,5.2,4.2,3.2,4.6,6.0,5.1,1.1,1.5,2.6,0.5,0.0,2.7,5.0,5.1,5.9,4.4,4.5,5.1,5.7,5.9,5.4,4.5,0,8.6,0.8,3.75,2.5,5,4.3,Medium
113,Mozambique,151,0.006521452407422992,0.028759446221133394,0.0012412197805297751,0.007277036572186591,0.0,0.0,0.21692297842899044,0.014429466489462693,0.4801766442657629,2.2976501305483032,5.555555555555555,0.3448275862068966,0.004684434575475588,6.9,8.0,6.4,5.7,7.2,7.7,9.4,7.5,4.5,6.6,4.8,9.3,6.8,3.05,3.5,3.2,7.5,1.6,6.1,7.1,7.1,7.4,6.7,7,5.199999999999999,10,3.2,4.85,4.7,5,6.2,High
114,Namibia,154,0.012368632284342991,0.6846466221738452,0.0038929165843888404,0.009864972100023883,0.0,0.0,0.017418131648111505,0.0003797228023542813,0.5027145298652631,0.9399477806788512,4.040404040404041,0.3448275862068966,0.011941213875639699,5.1,5.2,5.0,4.4,5.2,5.6,7.0,7.3,1.1,4.8,2.8,5.9,5.9,3.9000000000000004,3.6,3.4,5.3,2.8,5.8,5.1,4.8,4.8,4.8,5.4,5.766666666666667,6.9,2.2,6.4,5.3,7.5,5.1,High
115,Nepal,129,0.049202729357634326,0.23664070611402285,0.006431775226381563,0.06156414963380187,0.07070057575674542,0.27555379646362266,0.20220303159298675,0.07632428327321056,0.08753138344087628,0.3655352480417755,6.262626262626262,0.0,0.0298233863690013,5.1,3.8,5.7,4.1,4.7,5.9,7.3,4.2,4.6,3.2,3.7,2.3,2.7,3.8,3.4,4.5,5.9,1.6,6.4,6.4,6.7,6.6,6.8,6.1,3.8333333333333335,9.6,2.1,6.35,7.7,5,5.1,High
116,Netherlands,175,0.1185360654786577,0.9711795571140415,0.3512087788089932,0.0022167296199201696,0.18814329311270492,1.2469048208190392,0.11881512997126718,0.19213973799126638,0.020589405703861953,8.590078328981724,0.10101010101010101,3.103448275862069,0.17278476223176742,3.5,0.2,5.2,4.5,1.4,0.2,0.0,0.7,0.1,2.5,6.0,0.1,1.6,1,6.6,7.2,2.5,8.4,0.9,1.3,1.6,1.8,1.3,1,1.0999999999999999,0,0.1,0.55,1.1,0,2.4,Low
117,New Zealand,163,0.0029357860824225862,0.08569077656009494,0.0012412197805297751,0.0054420186877661035,0.09368119969447729,2.206122787301715,0.033268504023941055,0.006075564837668502,0.16078103818257325,5.900783289817233,9.191919191919192,0.3448275862068966,0.00035295619164222333,3.1,0.0,4.7,3.2,0.8,0.5,0.0,1.8,0.1,1.1,1.8,0.1,1.4,0.9,5.1,5.8,3.5,5.6,1.0,1.5,1.5,1.3,1.7,1.4,1.0333333333333332,0,0.1,0.5,1,0,2.1,Low
118,Nicaragua,130,0.007800305217214195,0.16532796894664412,0.007729414087844509,0.010201158582665805,0.0,0.0,0.04579079761380516,0.020125308524776914,0.07348107870924535,5.966057441253264,6.565656565656566,1.0344827586206897,0.004074526276317826,4.3,3.0,5.0,4.0,3.7,5.0,6.0,5.7,2.3,2.1,0.9,1,4.3,1.55,4.2,5.3,7.3,2,5.6,6.1,7.2,7.8,6.6,4.7,0.9666666666666668,8.5,1.1,5.1,2.7,7.5,4.6,Medium
119,Niger,157,0.0020175906726678664,0.011199475209658475,0.0038929165843888404,0.0037996076423592166,0.0,0.0,0.16794888871045985,0.006455287640022783,0.7734683595502903,2.1671018276762406,9.292929292929292,2.0689655172413794,5.6472990662755724e-05,7.1,9.0,6.2,5.3,7.0,7.7,10.0,5.5,5.4,6.2,7.7,4.5,3.7,7.5,2.9,3.2,8.5,0,6.3,7.2,6.7,6.8,6.5,7.7,5.433333333333334,10,5.7,5.3,5.6,5,6.2,High
120,Nigeria,160,0.0923492020847043,0.06226253849984821,0.05698327174250332,0.14106174695103374,0.05057654336950381,0.0278620533440527,1.4319954991414534,0.08505790772735902,0.5561313337732628,0.3002610966057441,7.6767676767676765,0.6896551724137931,0.0331185853741731,6.5,5.8,6.9,4.4,5.7,5.7,8.3,4.5,1.6,5.6,7.9,6.1,3.7,3.3,2.7,4.0,6.7,0,7.2,8.7,7.2,7.4,7.0,9.6,9.85,9.4,10,4.9,4.8,5,5.9,High
121,North Macedonia,170,0.0248731644585548,1.6781463876032567,0.033625772236170276,0.038570394998105446,0.0,0.0,0.01423926533713576,0.03075754699069679,0.015399158410560653,5.443864229765014,7.777777777777778,1.3793103448275863,0.007573028047875543,2.5,0.6,3.5,4.5,1.8,2.4,3.2,2.3,1.0,1.2,1.2,0.1,2.0,1.6,6.4,6.6,4.7,7.2,4.4,4.4,5.7,6.5,4.8,2.9,0.85,7,0.1,4.35,3.7,5,3.7,Medium
122,Norway,176,0.01791439317475907,0.46420635801375143,0.014894637366357303,0.032042774126808136,0.08021677380556341,1.680319641908151,0.03743033426321437,0.004936396430605658,0.22303835977438669,7.258485639686685,8.98989898989899,1.0344827586206897,0.0024961061872938034,2.0,0.1,3.0,4.1,1.4,0.2,0.0,0.6,0.0,2.4,5.9,0.2,1.0,1.1,6.1,5.6,4.4,7.2,0.8,1.2,1.4,1.6,1.2,0.9,0.9,0,0,0.4,0.8,0,1.9,Very Low
123,Oman,178,0.148075126156042,4.072746335715128,0.03667240260656154,0.2787826407308134,0.0,0.0,0.035244429866730556,0.005316119232959939,0.18898545259170116,3.4464751958224547,9.494949494949493,0.3448275862068966,0.013401040684271934,5.0,0.5,7.2,2.2,1.4,1.7,1.3,4.1,0.0,1.1,1.0,0.1,2.3,0.9,3.0,4.8,3.0,2,2.4,3.4,4.7,4.8,4.6,1.9,0,0.6,0.2,1.25,0,2.5,3.0,Low
124,Pakistan,172,0.5133200186287388,0.3257266847311853,0.35397331377471863,0.979006554936023,0.33024902018414926,0.16977991464281778,1.5344957081942032,0.1082209986709702,0.47071207567209583,0.3785900783289818,9.595959595959595,0.6896551724137931,0.024853763190678797,5.3,3.3,6.3,4.4,5.3,5.3,7.8,4.7,1.0,5.3,7.6,1.8,5.3,5.2,3.4,5.1,6.1,1.2,6.4,6.5,6.6,6.8,6.3,6.4,5.8,9.7,1.6,6.2,4.9,7.5,5.3,High
125,Panama,167,0.1539571521585694,5.011780756865521,0.1082682163107563,0.21977841108462864,0.040323210818279734,1.0612633961006357,0.02974269578064035,0.021264476931839756,0.045392681592555946,6.592689295039166,7.171717171717171,0.6896551724137931,0.06692614123443182,3.6,1.3,4.7,3.4,2.6,2.7,2.1,6.2,0.3,2.5,4.2,1,2.9,1.35,4.2,5.1,5.4,3.2,4.3,4.6,5.7,6.4,5.0,3.3,1.8666666666666665,4.2,0.6,3.95,2.9,5,3.7,Medium
126,Papua New Guinea,66,0.0007596455382410964,0.011711153406021947,0.000282095404665858,0.0008124506663846436,0.0,0.0,0.06192701929332378,0.0068350104423770645,0.2765235528231923,2.898172323759791,5.151515151515151,0.3448275862068966,0.0006070846496246241,5.6,9.8,3.5,4.8,5.3,5.8,7.1,7.1,1.7,4.7,4.3,5.7,3.9,4.7,4.2,2.0,6.6,4,6.8,6.6,6.8,7.2,6.4,6.4,7.800000000000001,9.9,1.6,6.95,6.4,7.5,5.7,High
127,Paraguay,160,0.023669230818819484,0.46598919094192326,0.01235577872436458,0.026786358393000597,0.02287617484392805,0.36422079714104,0.049320204854221006,0.006075564837668502,0.2425976540448605,0.6919060052219321,5.656565656565657,0.6896551724137931,0.01618798277347893,2.5,1.1,3.2,3.4,3.0,3.7,4.1,6.2,0.4,2.2,0.9,1.3,3.5,2.8,3.7,4.3,6.4,2,5.7,5.7,6.6,7.2,6.0,4.6,1.7,7.6,1.4,5.65,3.8,7.5,3.6,Medium
128,Peru,161,0.9337524625321391,3.9769750379737014,1.4827498660046827,1.2982296279746375,0.06483879363328335,0.22331452807639793,0.2288484360146375,0.009113347256502754,0.7815895700209852,0.7571801566579636,6.969696969696969,1.724137931034483,0.392337631680896,4.0,2.2,4.9,3.8,3.8,3.8,4.9,4.9,0.4,3.8,6.9,0.9,3.0,3.05,3.8,4.8,5.7,2.4,5.1,5.5,6.0,6.4,5.5,5,3.8333333333333335,7.9,1,4.75,4.5,5,4.3,Medium
129,Philippines,167,0.3177060656128153,0.40656573256289336,0.1658720979435245,0.4010389563090646,0.2776835160159271,0.2877663187301988,0.7611194324795643,0.13897854566166698,0.18206715825839484,2.6631853785900783,6.363636363636363,0.6896551724137931,0.18326897294830802,4.5,2.0,5.7,4.1,3.9,3.8,4.5,4.8,1.3,3.9,6.2,3.9,3.4,1.25,4.3,6.3,5.2,2.8,5.5,5.9,5.8,6.6,4.9,5.9,3.8333333333333335,9,1.3,5,5,5,4.7,Medium
130,Poland,172,0.11113300609336775,0.41185224419986105,0.11249964738074417,0.15198080375184114,0.3394751831557838,1.0186065456662503,0.2627176182153915,0.046326181887222324,0.18698873392710172,8.159268929503916,6.8686868686868685,1.0344827586206897,0.051977740606000376,2.0,0.1,3.0,5.2,1.1,0.8,0.6,1.6,0.2,1.3,3.3,0.2,0.8,0.7,7.6,8.0,4.7,8.8,2.8,3.0,4.0,4.2,3.7,1.9,0.6,4.1,0,2.5,2.5,2.5,3.1,Low
131,Portugal,159,0.09221678680739623,1.2699370008896942,0.09935400152331518,0.13573529236667578,0.23225297893504018,2.586584639416721,0.07060966931229895,0.041389785456616666,0.055925830511314466,5.939947780678851,7.373737373737373,1.0344827586206897,0.03507819815017072,2.2,0.0,3.3,5.6,1.0,1.0,1.0,1.9,0.1,0.9,1.7,0.3,0.8,0.6000000000000001,8.1,7.9,4.6,10,1.7,2.3,3.2,3.8,2.6,1.3,0.4666666666666666,0.8,0.1,1.15,2.3,0,2.8,Low
132,Qatar,172,0.20511300685649791,10.0,0.01094530170103529,0.4011755320676379,0.07867699620451268,3.1011441129021233,0.01978143603173967,0.09341180937915322,0.007088656567992332,6.801566579634466,9.797979797979798,0.0,0.008439888454548843,5.0,0.1,7.4,2.3,1.0,1.2,1.0,2.7,0.1,0.8,0.9,0.3,1.0,0.8,3.4,6.5,2.1,2.4,3.2,3.2,3.8,3.8,3.7,2.5,0.5,0,0.1,3.15,1.3,5,3.3,Low
133,Romania,173,0.1448431480059566,1.0570117757619217,0.19515360094784057,0.1284407460818516,0.2253625946384327,1.3303144672572231,0.1334252448644213,0.031137269793051075,0.14054517991198442,2.8590078328981723,4.444444444444444,1.3793103448275863,0.1214536373688556,2.4,0.9,3.1,5.6,1.6,1.9,1.7,3.5,0.5,1.2,2.5,0.5,0.4,1.15,7.9,7.5,6.3,8.8,3.7,4.6,5.6,5.6,5.5,3.3,3.5,6.3,0.2,2.65,2.8,2.5,3.7,Medium
134,Russia,174,1.6870403251561672,1.6229997289332458,0.938700668566109,2.746492979655815,4.613443931986918,3.5899864653043956,1.0136980505132376,0.0026580596164799694,10.0,6.1096605744125325,8.181818181818182,0.6896551724137931,0.47262528250613584,2.3,0.8,3.1,4.8,2.1,1.6,1.5,3.3,0.1,2.6,4.6,1.8,0.8,2.8,6.7,6.2,3.7,8.4,3.0,4.4,6.2,7.2,5.1,1.9,1.8333333333333333,5.7,0.2,1.25,0,2.5,3.2,Low
135,Rwanda,158,0.005730445356135244,0.0617820902658123,0.0007898671330644024,0.006250967411623227,0.048432862466746905,0.42464050558912214,0.08975459004923363,0.19859502563128914,0.015063318879817626,2.5587467362924285,5.454545454545454,0.0,0.004252416196905506,5.9,6.7,5.5,4.6,6.4,6.3,8.2,5.1,3.7,6.5,6.6,5.1,8.4,4.8,2.2,4.5,4.1,0,4.6,5.1,4.7,4.7,4.6,5.4,0.36666666666666664,9.7,2.8,4.15,3.3,5,5.0,High
136,Saint Kitts and Nevis,98,0.0,0.07751906382935181,0.0,5.252913791280023e-05,0.0,0.0,0.00013387157608966526,0.07708372887791912,0.00015814988811353378,1.4360313315926894,8.888888888888888,0.0,2.8236495331377864e-06,2.9,0.6,4.1,2.9,1.7,1.8,2.5,1.8,0.5,1.6,0.9,0,3.5,1.6,3.9,4.7,3.1,3.9,4.3,3.5,3.9,3.9,3.9,3.1,0.5,5.2,3.1,5.1,5.2,5,3.3,Low
137,Saint Lucia,142,1.568075652332539e-05,0.033969856160462934,0.0,8.754856318800038e-05,0.0,0.0,0.0010400684790491245,0.11353711790393013,0.00037186595313182274,0.44386422976501305,9.696969696969695,0.0,0.0,2.5,1.0,3.3,4.8,2.9,3.1,3.2,5.5,0.6,2.7,0.0,0.8,6.0,2.7,6.2,7.6,6.1,5.6,4.8,5.0,4.6,4.5,4.6,5.4,3.8000000000000003,7.9,1.3,4.5,4,5,3.9,Medium
138,Saint Vincent and the Grenadines,142,7.491917005588797e-05,0.13166770495297872,0.0,0.00019961072406864087,0.0,0.0,0.0005350485884933066,0.10708183026390734,0.00023753014083461254,1.1488250652741516,9.595959595959595,0.0,5.647299066275574e-06,3.8,1.1,5.2,3.9,1.8,2.7,3.4,2.7,1.4,0.7,0.0,0,2.1,0.7,5.6,4.9,6.3,5.6,4.8,4.3,4.4,4.1,4.6,4.1,0,8.8,0.8,5.25,5.5,5,4.1,Medium
139,Sao Tome and Principe,121,0.00152974491416441,0.9986606950354683,0.000846286213997574,0.002969647263336973,0.0,0.0,0.0012869402271090155,0.0858173533320676,0.0005855820181501116,0.9660574412532639,9.595959595959595,0.6896551724137931,8.753313552727138e-05,6.4,4.9,7.1,3.4,4.4,5.4,6.6,4.4,3.8,3.2,0.0,3.5,2.5,5.8,2.2,3.0,5.1,0.4,6.2,5.5,5.9,5.4,6.3,5.1,1.7666666666666666,9.5,1.4,6.8,6.1,7.5,5.1,High
140,Saudi Arabia,172,0.5415418957581637,2.1842048621078307,0.21185364890405936,0.9978610135041908,0.6317293477573451,2.060649674528973,0.24164653228690014,0.005316119232959939,1.3126373545517156,7.284595300261097,9.292929292929292,0.3448275862068966,0.06250148241600491,3.1,0.0,4.6,2.3,1.2,1.2,0.9,3,0.0,1.1,1.5,0.1,1.7,1.1,3.2,5.2,2.9,2.4,3.0,3.2,4.6,4.7,4.4,1.5,0.3,0,0.2,2.8,3.1,2.5,2.8,Low
141,Senegal,166,0.022717931589737745,0.19013166317148059,0.015458828175689018,0.030519429127336933,0.01882740498336264,0.12769049588501558,0.11609889459061667,0.032276438200113916,0.117561543662589,0.026109660574412524,6.767676767676767,0.6896551724137931,0.011480959001738239,6.1,5.5,6.4,3.9,5.3,6.3,8.5,5.4,2.6,4.0,4.5,3.2,3.5,4.75,2.1,2.3,6.1,0,5.6,5.9,5.5,5.5,5.5,6.3,2.3666666666666667,9.7,3.5,5.25,5.5,5,5.1,High
142,Serbia,169,0.053936575521398224,0.8668139323602151,0.03988829021975232,0.0,0.11662705067953383,1.5158071236269222,0.060470377320003946,0.03721283463071957,0.05340398094409866,2.4673629242819843,0.0,0.6896551724137931,0.08546057676994824,2.3,1.0,2.9,5.2,1.9,1.5,1.3,1.6,1.8,2.2,4.7,0.2,2.8,0.4,7.3,5.4,6.1,8.8,4.1,4.1,5.5,6.1,4.8,2.4,1.0499999999999998,5.7,0.1,4.05,3.1,5,3.7,Medium
143,Seychelles,149,0.000207334447363969,0.33771869269925403,0.0,0.00044474670099504195,0.0,0.0,0.00044755405051857366,0.08050123409910766,0.00028027335383827036,1.5143603133159271,9.393939393939394,0.0,2.258919626510229e-05,3.8,0.3,5.6,3.9,2.1,2.7,2.0,5.5,1.1,1.5,0.0,0.2,3.7,1.5,5.3,6.6,4.1,5.2,4.4,3.6,3.7,3.4,4.0,3.4,0.15,6.4,0.6,5.1,5.2,5,4.0,Medium
144,Sierra Leone,140,0.0034880971732997135,0.06125776577124457,0.003949335665322012,0.005571590561284344,0.0,0.0,0.05518729967833546,0.041389785456616666,0.04407374816272879,2.206266318537859,7.979797979797979,1.0344827586206897,0.0010080428833301896,7.1,8.0,6.7,4.8,6.3,6.9,9.2,5.5,3.7,5.7,0.9,7,6.1,7.05,2.8,4.0,6.2,0.4,6.7,7.6,7.0,6.7,7.3,8.1,3.5,9.3,10,5.6,6.2,5,6.1,High
145,Singapore,207,0.09815456661089544,2.356459731205208,0.0015233151851956333,0.1896792150605941,0.2368118823372884,4.596715886716986,0.04041167260511033,3.172963736472375,0.0004268215127079542,7.323759791122717,9.696969696969695,0.0,0.006101906641110756,4.0,0.0,6.0,3.9,1.2,0.2,0.0,0.9,0.0,2.1,0.0,0.4,1.7,5.1,5.8,8.0,1.4,6.8,0.9,1.4,1.0,1.5,0.5,1.8,1.5666666666666667,0,0.1,0.45,0.9,0,2.4,Low
146,Slovakia,169,0.006131175800620226,0.1578095945354549,0.0018618296707946628,0.007676258020323874,0.0416681556957263,0.8666935041277389,0.03769713945282508,0.04252895386367951,0.029362755481527027,6.18798955613577,6.262626262626262,0.3448275862068966,0.0036989808884105003,2.5,0.1,3.7,5.0,1.1,0.9,0.9,1.5,0.4,1.2,1.1,0.1,2.3,1.05,7.4,6.3,7.2,8,3.0,3.1,4.3,5,3.6,1.7,0.43333333333333335,2.8,0.1,2.8,3.1,2.5,3.3,Low
147,Slovenia,172,0.004712938488399464,0.31972372465913157,0.007503737764111822,0.007599215284718433,0.01998246609676185,1.0915232095136542,0.014208444581918105,0.03835200303778241,0.012297222381152344,6.018276762402089,8.080808080808081,1.724137931034483,0.0011802855048515947,2.0,0.1,3.0,5.2,0.7,0.2,0.0,0.5,0.2,1.1,1.4,0.1,1.6,1.05,7.8,6.5,6.1,9.2,1.8,2.6,3.4,4,2.7,1.8,3.033333333333333,0.8,0.1,0.9,1.8,0,2.7,Low
148,Somalia,145,0.005737414581256722,0.05028543916143172,0.005529069931450817,0.008688319410777157,0.0,0.0,0.11018830609480192,0.008733624454148471,0.3830640643214524,0.1305483028720627,7.575757575757575,1.0344827586206897,0.002061264159190584,6.9,7.9,6.4,6.6,8.7,9.1,8.7,9.1,10.0,8.2,10.0,2,6.4,9.5,2.6,1.9,8.5,0,8.5,9.4,9.3,9.1,9.4,9.5,9.7,9.5,9.2,7.2,6.9,7.5,7.3,Very High
149,South Africa,169,1.0727100999230075,2.5397138536731565,0.761770430759683,1.8393672970396677,0.46871504797313024,0.8974618423346592,0.41183337189459573,0.017846971710651225,0.7407331645627746,6.801566579634466,8.585858585858585,0.6896551724137931,0.21729677347215148,4.1,3.2,4.6,5.4,5.2,4.3,4.6,7.6,0.3,5.9,6.6,6,1.9,7.6,5.5,5.5,5.2,5.6,4.7,5.2,5.0,5.6,4.3,5.3,6.266666666666666,6.5,1.3,4.2,3.4,5,4.7,Medium
150,South Sudan,125,0.004359250313484457,0.054389671310930386,0.002651696803859065,0.00451750586050082,0.0,0.0,0.07753680774423863,0.006075564837668502,0.3730572675399675,3.4725848563968675,5.151515151515151,0.6896551724137931,0.003334730098635726,7.3,9.9,6.0,6.2,8.3,8.2,9.9,5.3,7.7,8.4,10.0,5.4,8.1,8.4,2.7,2.6,8.3,0,8.6,9.7,9.4,8.8,9.9,10,10,9.9,10,6.8,6.1,7.5,7.3,Very High
151,Spain,176,0.6461342840750244,1.9403926142455483,1.6247002736325424,0.5266081095183498,0.7528919896348992,1.8286563716159343,0.3246104122967671,0.034934497816593885,0.30457531290016426,5.56135770234987,4.141414141414141,2.7586206896551726,0.5412738499557816,2.5,0.0,3.7,5.4,1.4,0.6,0.1,1.9,0.1,2.2,5.3,0.3,1.4,0.65,7.7,8.1,5.9,8.4,1.6,2.3,3.4,3.8,3.0,1,0.6,0,0,0.8,1.6,0,2.8,Low
152,Sri Lanka,169,0.005188588102940333,0.033547807155782296,0.0006770289711980591,0.009977034260904523,0.0,0.0,0.14854074093741695,0.12872602999810137,0.03829120206066251,1.3054830287206267,9.595959595959595,0.0,0.0003755453879073256,3.4,1.2,4.5,4.5,3.3,2.6,2.4,4.4,1.0,4.0,4.5,0.4,3.0,6.6,5.5,5.3,5.6,5.6,5.1,5.0,5.9,6.2,5.5,3.9,0,8.5,0.4,5.2,5.4,5,4.3,Medium
153,Sudan,150,0.022949658325026885,0.07292479771866969,0.046432903608000224,0.02315484399196234,0.0,0.0,0.30442324839719825,0.008733624454148471,1.0777682840352452,0.2872062663185379,5.05050505050505,2.0689655172413794,0.016244455764141685,6.8,7.1,6.6,4.9,6.3,6.4,8.6,5.1,3.3,6.1,9.6,1.4,5.1,4.2,3.2,3.5,6.9,1.2,6.0,7.3,8.3,8.4,8.2,5.9,2,9.2,3.3,4.25,3.5,5,5.8,High
154,Suriname,151,0.006859459825814672,1.6486993546190725,0.003780078422522497,0.010474310099812366,0.0,0.0,0.00384009518249606,0.0007594456047085627,0.09525569264796588,1.4360313315926894,7.6767676767676765,0.6896551724137931,0.002527166332158319,2.5,1.9,2.8,3.7,3.0,4.1,4.9,6.2,0.2,1.8,1.3,1.1,3.0,1.8,4.3,4.0,5.1,4,4.8,5.7,6.0,5.6,6.3,5.3,6.2,7.1,1.3,3.85,2.7,5,3.5,Medium
155,Sweden,128,0.12256950451771306,1.704313486091784,0.3138029281503004,0.0,0.0764168845163934,0.8592607658898369,0.0699326409824006,0.008733624454148471,0.2505601040101133,6.2532637075718025,0.0,2.7586206896551726,0.18298096069592798,2.8,0.1,4.1,4.6,2.0,0.2,0.0,0.8,0.1,3.5,7.8,0.2,1.6,1.1,6.4,7.6,2.6,7.6,0.8,1.2,1.4,1.5,1.3,1,0.5,0,0,0.4,0.8,0,2.2,Low
156,Switzerland,180,0.07078641955885154,1.1485548895719493,0.1130074191091427,0.12186759995769653,0.12749379374424424,1.6728860754539725,0.05989544795266724,0.08239984811087905,0.02412854374056482,7.454308093994779,8.686868686868687,1.724137931034483,0.010845637856782237,3.7,0.0,5.6,3.1,1.7,0.3,0.0,1.2,0.1,2.9,6.5,0.2,1.3,1.8,4.3,8.3,3.9,2.4,0.6,1.1,1.2,1.5,0.9,0.9,1.5666666666666667,0,0.1,0,0,0,1.9,Very Low
157,Syria,153,0.004549161698044732,0.03606808696809889,0.005980422578916189,0.0020976635739844893,0.0,0.0,0.12135656386848197,0.035314220618948164,0.11212704943783823,0.9530026109660574,2.323232323232323,1.3793103448275863,0.005427054402690825,2.9,1.5,3.6,5.6,7.3,7.5,6.3,7.3,10.0,7.1,10.0,0.5,5.6,7.1,3.1,4.6,6.3,0.8,6.5,7.6,8.5,8.7,8.3,6.3,7.699999999999999,9.6,0.3,5,2.5,7.5,4.7,Medium
158,Tajikistan,123,0.014807861076860274,0.21781738535305778,0.0038364975034556686,0.02559569793364379,0.0,0.0,0.06603057773953794,0.02506170495538257,0.085461390696842,2.1018276762402093,8.686868686868687,0.3448275862068966,0.003213313168710801,4.3,2.0,5.5,3.2,4.1,4.7,5.2,3.7,4.5,3.5,2.0,1.4,4.0,5.8,2.2,2.8,4.5,0.8,5.9,5.9,7.4,7.5,7.2,3.7,0.35,9.5,0.2,5.85,4.2,7.5,4.3,Medium
159,Tanzania,49,0.0008572146899417878,0.0014064032437205623,0.0011848006995966035,0.0006408554825361628,0.0,0.0,0.41478988549384227,0.02468198215302829,0.5408842190775295,0.11749347258485639,3.636363636363636,1.3793103448275863,0.0008583894580738871,6.4,6.7,6.2,4.6,6.2,5.8,8.3,5.2,1.5,6.5,6.5,5.3,7.1,6.85,2.4,4.1,5.5,0,5.9,6.5,6.4,6.3,6.5,6.6,1.3333333333333333,9.8,5.8,5.15,5.3,5,5.6,High
160,Thailand,212,0.005901191371611454,0.011255154257685957,0.0032723066941239528,0.01133578796158229,0.07883640479655245,0.12826168411399647,0.48472548626923717,0.05126257831782798,0.3119576764032246,6.214099216710184,9.595959595959595,0.6896551724137931,0.00030495414957888093,3.2,0.3,4.6,4.7,2.5,2.2,2.3,4,0.2,2.8,5.5,1.3,2.7,1,6.3,6.7,4.9,6.8,3.7,4.8,5.4,6.4,4.3,4.1,0.35,8,0.4,2.3,2.1,2.5,3.8,Medium
161,Timor-Leste,135,1.7423062803694874e-05,0.004332529167027929,0.0,8.754856318800038e-05,0.0,0.0,0.008924637413807363,0.033035883804822475,0.009079269059305537,1.4621409921671018,9.393939393939394,0.0,2.8236495331377864e-06,5.6,5.3,5.8,4.6,5.7,5.0,7.4,0.9,4.1,6.3,0.0,6.4,6.5,8.8,3.2,4.1,6.3,1.2,6.4,6.2,6.6,6.2,7.0,5.7,6.1000000000000005,9.8,1.6,6.55,5.6,7.5,5.5,High
162,Togo,151,0.002014106060107127,0.03399362324316173,0.0015233151851956333,0.0030396861138873733,0.0070128059277491505,0.09619529436824512,0.05728375718512764,0.0569584203531422,0.03321086588651347,0.10443864229765014,7.474747474747474,0.6896551724137931,0.0007821509206791668,6.8,8.0,6.2,4.3,5.3,6.3,8.4,6,2.4,4.1,3.7,5.3,4.3,3.1,3.2,4.6,7.2,0.4,6.9,6.7,7.1,7.1,7.1,6.3,1.5,9.8,4.4,7.15,6.8,7.5,5.9,High
163,Trinidad and Tobago,162,0.0028364746244415253,0.28695907571817497,0.0010719625377302604,0.0031307366196028936,0.0,0.0,0.009487713713425109,0.10290487943801026,0.003131856278510868,4.751958224543081,5.454545454545454,0.3448275862068966,0.002064087808723722,2.6,0.7,3.6,4.5,2.1,2.1,1.7,4.3,0.7,2.1,4.4,0.8,1.6,1.2000000000000002,6.3,6.5,5.1,6.8,4.6,4.2,5.3,6,4.6,2.8,2.8333333333333335,2.8,0.7,5.05,5.1,5,3.8,Medium
164,Tunisia,164,0.004880199891314934,0.05766889884330421,0.004005754746255184,0.005053303067211382,0.01638053518986345,0.15739349653728468,0.08187849056907645,0.02809948737421682,0.09486489755764672,1.0966057441253265,5.151515151515151,1.0344827586206897,0.0036792153416785357,3.3,1.2,4.3,3.5,1.9,2.6,3.0,3,1.5,1.1,1.2,0.3,0.4,2.3,4.9,5.4,5.5,4.4,4.5,4.7,5.5,5.7,5.2,3.8,0.25,7.4,0.5,4.2,3.4,5,3.7,Medium
165,Turkey,164,0.4573379755341867,0.7609816864586433,0.34883917740979997,0.8397553122717171,0.8623886314793212,1.1611802950978667,0.5857411993343148,0.04101006265426239,0.4699488040113162,1.3315926892950392,9.191919191919192,0.6896551724137931,0.04666363218463506,3.4,0.3,4.9,4.6,3.6,2.6,1.9,4.2,2.4,4.5,9.4,0.1,0.0,1.9,5.4,7.6,5.0,4.4,3.7,4.6,5.6,6.1,5.0,3.5,1.0666666666666667,6.5,0.2,2.6,2.7,2.5,3.9,Medium
166,US,204,10.0,4.242532231104682,10.0,7.076634409106731,10.000000000000002,3.4307885665021045,2.299527931429267,0.012910575280045567,5.585572553581518,7.819843342036554,3.535353535353535,1.0344827586206897,10.000000000000002,2.8,0.1,4.1,4.3,1.9,0.8,0.0,3.3,0.0,2.8,7.1,0.1,0.2,1.3,6.1,7.3,3.3,6.8,1.3,2.0,2.5,3.1,1.8,1.5,0.8333333333333334,0,0.2,0.45,0.9,0,2.5,Low
167,Uganda,154,0.004197215829410095,0.012300017114624277,0.00141047702332929,0.004436961182367859,0.04679228237367104,0.11616997789678585,0.31756686228825576,0.08619707613442187,0.1220068378149694,0.11749347258485639,5.252525252525253,0.3448275862068966,0.003199194921045112,7.1,8.5,6.4,5.3,7.2,6.5,8.3,5.8,3.4,7.8,8.8,5.9,8.7,6.9,2.6,3.2,7.2,0,5.9,6.7,6.7,7.2,6.2,6.6,2.75,9.8,4.2,4.95,4.9,5,6.1,High
168,Ukraine,164,0.19974844581924026,0.6409085532648379,0.13817032920533726,0.19663057097772133,0.19180291846917327,0.49803951668025287,0.3036207832064569,0.02771976457186254,0.3537422202009432,3.616187989556136,4.949494949494949,0.6896551724137931,0.15830508742583685,2.4,0.7,3.3,5.4,2.9,1.8,1.6,1.9,2.2,3.9,8.1,1.1,2.1,1.2,7.2,6.0,5.2,8.8,5.1,5.2,6.4,7,5.8,3.8,5.4,8.4,0.2,5,2.5,7.5,4.0,Medium
169,United Arab Emirates,187,0.11848205398396625,1.6822742720670982,0.021326412592738864,0.2068597451006073,0.870940563829232,10.0,0.06848148782707489,0.044047845073096635,0.05104699805561124,4.2297650130548305,8.787878787878787,0.3448275862068966,0.024201500148523968,4.4,0.3,6.5,2.4,1.2,0.7,0.7,1.5,0.0,1.6,3.0,0,1.5,1.6,3.4,7.3,0.8,2.8,1.3,2.3,2.5,2.9,2.1,2,0.26666666666666666,1.5,0,0.25,0.5,0,2.4,Low
170,United Kingdom,193,0.561301391283834,1.1606723868263515,2.3394736099748936,0.0052284001935873825,1.5982739123046452,2.6735994669387075,0.47142749068725626,0.1059426618568445,0.14772603969659892,7.7154046997389045,0.0,4.482758620689656,0.7884109516941332,3.2,0.1,4.8,4.5,1.5,0.5,0.0,1.9,0.1,2.4,5.8,0.3,1.0,1.1,6.5,7.6,3.0,7.6,1.2,2.0,2.3,2.3,2.3,1.6,1.3,0,0.1,0.35,0.7,0,2.6,Low
171,Uruguay,164,0.0026587593838438375,0.10801862835007583,0.002426020480126379,0.0046295680213814605,0.021454781564906857,0.7013801450756577,0.023899279300480303,0.0068350104423770645,0.10686963423838831,2.245430809399478,8.686868686868687,1.0344827586206897,0.0004997859673653882,2.9,0.3,4.2,3.7,1.7,1.9,1.8,3.7,0.1,1.4,3.3,0.6,1.3,0.2,5.2,5.5,3.3,6,3.0,2.7,3.4,2.9,3.9,2,0.9,3.5,0.2,3.25,1.5,5,3.2,Low
172,Uzbekistan,166,0.07152167280916746,0.29958083747575,0.01732065784648368,0.13394930167764058,0.0,0.0,0.23230395264825898,0.029238655781279665,0.25975600097918594,2.898172323759791,9.393939393939394,0.3448275862068966,0.007084536678642706,3.5,0.2,5.1,3.2,2.9,3.4,3.8,4,2.0,2.3,0.0,0.6,2.4,5.1,3.4,4.1,4.0,2.8,6.0,5.3,6.8,7.5,6.1,3.4,0,8.8,0.3,6.55,5.6,7.5,4.1,Medium
173,Venezuela,168,0.07828007887072069,0.386109028807329,0.02115715534993935,0.12668277093303654,0.0,0.0,0.197333491226015,0.011391684070628441,0.5385944040951907,0.7702349869451699,8.080808080808081,0.3448275862068966,0.023704537830691718,3.2,0.7,4.4,4.2,3.9,3.4,3.5,6.1,0.6,4.4,5.0,1.2,6.1,4.4,4.4,4.7,6.4,3.2,6.4,7.3,8.3,8.4,8.2,6,6.433333333333334,7,1.4,5.4,3.3,7.5,4.4,Medium
174,Vietnam,83,0.0004408034889334803,0.0,0.0,0.0007774312411094434,0.03091458752193301,0.03606649688735839,0.676060130195666,0.11847351433453579,0.18933350446901664,3.0809399477806796,8.282828282828282,0.0,0.00013271152805747598,3.7,1.4,4.8,3.6,2.5,3.4,4.5,3.4,1.1,1.6,0.0,1,2.3,2.8,4.6,5.8,4.4,4,4.2,5.1,5.7,6.3,5.0,4.5,0.9,9,0.5,3.2,3.9,2.5,3.8,Medium
175,Yemen,120,0.003360908814832741,0.015287278109968145,0.03176394256537561,0.003897662033129777,0.0,0.0,0.20699119849622785,0.020505031327131194,0.32238702037611705,0.2349869451697128,5.757575757575757,10.0,0.0007595617244140645,6.3,5.2,6.8,5.8,7.6,7.4,8.8,6.5,5.3,7.8,10.0,1.2,9.0,6.1,3.1,2.7,7.9,0.8,7.2,8.1,9.0,8.5,9.5,6.8,6.533333333333334,9.7,1.8,6.15,4.8,7.5,6.4,High
176,Zambia,158,0.020707310142191356,0.1577486288018026,0.016023018985020735,0.03884354651525201,0.0,0.0,0.1274935973719734,0.008733624454148471,0.4539262053082308,2.6762402088772848,9.393939393939394,0.6896551724137931,0.0014824160048973378,6.9,7.8,6.4,5.0,6.7,6.3,7.9,7.6,1.6,7.1,5.1,7.4,9.0,5.8,2.7,2.9,6.1,0.8,6.7,6.1,6.4,6.6,6.1,5.8,2.5,9.6,2.4,7.2,6.9,7.5,6.1,High
177,Zimbabwe,141,0.010546179915076507,0.09925993420964842,0.008744957544641599,0.017334615511224075,0.01202310653588772,0.0918624217583159,0.10302992862427929,0.013670020884754129,0.236216702960743,0.44386422976501305,8.282828282828282,1.0344827586206897,0.0027219981499448263,4.8,6.5,3.9,5.3,6.3,5.9,7.3,5.8,3.3,6.7,4.1,6.1,9.4,4.55,4.0,3.9,7.1,2.4,6.0,7.0,7.5,7.6,7.4,6.5,2.3333333333333335,9.5,5.1,4.75,4.5,5,5.3,High
