,Country,P2P,P2P_1,P2P_2,Vul,Vul_HI,Vul_1,Vul_11,Vul_12,Vul_13,Vul_2,Vul_21,Vul_22,Vul_23,Vul_24,Vul_3/Vul_HD,Vul_31,Vul_32,Vul_33,LOCC,LOCC_HI,LOCC_1,LOCC_11,LOCC_12,LOCC_2,LOCC_22,LOCC_23,LOCC_24,LOCC_3/LOCC_HD,LOCC_31,LOCC_32,INFORM COVID-19 RISK,COVID-19 RISK CLASS
0,Afghanistan,6.4,6.0,6.6,6.4,8.2,7.9,8.6,7.7,6.8,8.5,9.7,2.1,7.8,10,3.5,2.2,8.4,1.6,7.7,8.3,8.2,8.4,7.9,8.3,7.2,9.6,7.1,7,6.5,7.5,6.8,Very High
1,Albania,3.6,0.9,5.0,4.1,1.9,2.1,1.9,2.1,2.3,1.7,0.9,0.2,1.8,3.7,5.7,5.4,4.7,6.4,4.9,4.8,5.7,6.5,4.8,3.7,0.06666666666666667,7.6,0.2,5,5,5,4.2,Medium
2,Algeria,4.3,1.4,5.7,3.6,3.0,2.5,3.1,3.3,0.3,3.4,5.4,0.4,0.3,5.9,4.2,4.5,5.8,3.2,3.9,5.2,6.2,6.5,5.9,4,1.4333333333333333,6.8,1.2,2.25,2,2.5,3.9,Medium
3,Angola,6.5,6.8,6.4,4.3,5.4,5.6,8.1,6.1,0.1,5.2,4.8,5,6.3,4.35,3.0,3.7,8.1,0,6.2,7.4,7.3,7.4,7.1,7.4,8.266666666666667,9.5,2.7,4.55,4.1,5,5.6,High
4,Antigua and Barbuda,2.8,1.0,3.7,3.4,2.7,2.9,2.5,2.9,3.7,2.4,0.0,0,5.8,2.4,4.0,5.4,1.1,4.8,4.9,4.4,5.0,5.0,5.0,3.7,3,6.9,0.5,5.4,5.8,5,3.6,Medium
5,Argentina,2.8,0.4,4.0,3.2,1.6,1.8,1.4,4.4,0.0,1.4,2.8,0.3,1.1,1.4,4.6,5.0,5.4,4,4.2,4.0,5.2,5.5,4.9,2.5,2.6,5,0.4,4.3,3.6,5,3.4,Low
6,Armenia,2.7,0.4,3.9,4.4,2.1,2.0,1.5,2.8,2.2,2.1,4.6,0.3,2.0,0.8500000000000001,6.1,6.2,4.5,6.8,3.8,4.3,5.4,5.8,5.0,3,0.6333333333333334,7.2,0.3,3.35,1.7,5,3.6,Medium
7,Australia,2.5,0.0,3.8,3.5,1.4,0.5,0.0,2.1,0.0,2.2,5.8,0.1,1.2,0.3,5.1,5.6,3.4,5.6,1.1,1.6,2.1,2.3,1.8,1,0.8333333333333334,0,0.1,0.5,1,0,2.1,Low
8,Austria,2.5,0.0,3.8,4.7,1.5,0.3,0.0,1.2,0.1,2.6,7.0,0.1,0.2,0.5,6.8,6.7,3.7,8.4,2.4,1.4,2.2,2.3,2.1,0.6,2,0,0.1,3.3,4.1,2.5,3.0,Low
9,Azerbaijan,4.1,1.3,5.5,3.8,3.2,2.2,2.9,2.4,0.5,4.0,8.1,0.8,1.3,2.7,4.3,5.2,3.1,4.4,3.9,4.5,6.1,7,5.2,2.4,0.5,6.1,0.3,3.35,1.7,5,3.9,Medium
10,Bahamas,3.4,0.4,4.9,3.9,3.6,4.6,1.9,4.7,10.0,2.5,0.9,1.6,4.6,2.5,4.2,4.5,3.6,4.4,4.4,3.7,3.8,3.6,3.9,3.5,1.9000000000000001,5.3,0.8,5,5,5,3.9,Medium
11,Bahrain,6.4,0.0,9.6,2.9,1.2,1.3,1.2,2.8,0.0,1.0,1.1,0.1,1.7,1.0,4.3,8.6,2.8,2.8,3.1,4.2,5.2,5.8,4.6,3,0.19999999999999998,3.8,0.2,1.85,1.2,2.5,3.9,Medium
12,Bangladesh,5.7,4.3,6.4,4.6,5.2,5.3,7.4,4.5,1.8,5.1,7.7,2,4.3,4.85,3.9,6.1,7.0,1.2,5.5,6.2,7.0,7.4,6.5,5.3,0.3666666666666667,9.9,1.9,4.6,4.2,5,5.2,High
13,Barbados,3.0,0.6,4.2,4.8,1.8,2.4,2.6,3.4,1.1,1.1,0.0,1.1,2.0,1.1,6.9,7.3,4.2,8,4.3,3.5,4.0,3.8,4.1,2.9,2.3000000000000003,5.7,0.3,5,5,5,4.0,Medium
14,Belarus,2.9,0.4,4.1,4.2,1.1,1.2,1.7,0.9,0.4,1.0,1.8,0.6,1.2,0.4,6.3,7.1,2.2,8,4.5,3.9,5.6,5.5,5.6,1.6,0.25,6.3,0,5,5,5,3.8,Medium
15,Belgium,3.4,0.1,5.1,4.7,1.2,0.3,0.0,0.7,0.4,2.0,5.4,0.1,0.2,0.8500000000000001,7.0,7.9,4.0,8,1.4,1.7,2.6,2.5,2.7,0.8,1.1333333333333335,0,0.1,1,2,0,2.8,Low
16,Belize,2.6,0.9,3.4,3.6,3.1,3.7,4.1,5.2,1.2,2.5,3.6,1.3,2.4,2.5,4.0,3.8,7.2,2.4,5.7,5.5,6.2,6.2,6.2,4.6,1.9,8.3,0.4,5.85,6.7,5,3.8,Medium
17,Benin,7.0,7.9,6.6,4.1,5.2,6.6,8.7,7,1.8,3.3,1.3,4.5,2.4,4.4,2.9,2.9,7.9,0.4,6.7,6.4,6.0,5.9,6.1,6.8,3.5,9.9,4.4,7,6.5,7.5,5.8,High
18,Bhutan,3.9,2.0,4.8,3.9,4.9,5.2,7.2,4.5,1.9,4.5,0.0,1.5,4.3,8.5,2.7,2.4,5.0,1.6,4.6,4.4,3.8,3.2,4.3,5,0.1,9.2,2,4.85,4.7,5,4.1,Medium
19,Bolivia,4.6,4.4,4.7,3.8,3.8,4.6,5.9,5.4,1.2,2.9,0.9,1.1,5.0,3.9000000000000004,3.8,4.6,6.7,2,6.7,5.7,6.3,6.9,5.6,5,2.6,8.5,1.7,7.5,7.5,7.5,4.9,Medium
20,Bosnia and Herzegovina,2.1,0.5,2.9,5.4,2.8,2.7,3.0,2.1,2.6,2.9,7.1,0.3,1.4,0.5,7.2,4.6,5.7,9.2,6.2,5.2,6.3,6.4,6.2,3.9,3.65,6.4,0.1,7.1,6.7,7.5,4.1,Medium
21,Botswana,3.9,2.1,4.8,4.3,4.2,3.5,3.4,6.7,0.5,4.8,2.2,4.2,7.0,4.8,4.3,2.2,4.6,5.2,6.2,4.5,4.1,3.9,4.3,4.8,2.2,7,1.6,7.4,7.4,7.4,4.7,Medium
22,Brazil,3.0,0.8,4.1,3.7,2.9,3.4,3.7,6.1,0.1,2.3,5.2,0.7,1.3,1,4.4,4.6,6.5,3.2,3.7,5.2,6.2,6.5,5.9,3.9,4.666666666666667,4.1,0.7,1.9,1.3,2.5,3.5,Medium
23,Brunei,3.9,0.2,5.7,2.7,1.1,1.3,1.1,3.1,0.0,0.8,0.0,0.4,1.9,0.8,4.0,4.7,3.2,4,2.8,3.0,3.3,4,2.5,2.6,0.1,4,0.3,2.5,2.5,2.5,3.1,Low
24,Bulgaria,2.7,0.9,3.6,5.6,2.1,1.8,1.7,3,0.6,2.3,4.3,0.2,2.4,2,7.8,5.9,5.1,10,3.3,3.6,5.1,5.7,4.5,1.7,1.2666666666666666,4.8,0.1,3.05,3.6,2.5,3.7,Medium
25,Burkina Faso,7.7,8.8,7.1,4.7,6.4,7.0,9.7,5.4,3.2,5.7,8.8,4,4.3,3.6500000000000004,2.5,2.6,7.5,0,6.9,6.4,6.1,6,6.2,6.7,3.7000000000000006,9.8,3.6,7.3,7.1,7.5,6.3,High
26,Burma,4.3,3.0,4.9,4.8,5.1,5.3,7.4,4.7,1.8,4.8,7.0,3.9,3.1,4.3,4.4,3.7,6.0,4,5.5,6.5,7.1,7.1,7.1,5.7,2.2,9.2,2.8,4.2,3.4,5,4.8,Medium
27,Burundi,6.8,7.3,6.5,5.4,7.2,7.3,9.6,5.2,4.8,7.1,6.8,3.5,8.8,7.6,2.8,4.1,6.9,0,7.6,7.5,8.0,8.1,7.8,7,2.3000000000000003,10,6.1,7.6,7.7,7.5,6.5,Very High
28,Cabo Verde,4.7,2.6,5.8,3.4,3.5,4.9,5.0,5.3,4.1,1.8,0.0,1.7,3.7,1.5,3.3,4.3,4.7,2,5.6,4.5,4.3,4.2,4.4,4.7,1.45,9,0.6,6.45,5.4,7.5,4.5,Medium
29,Cambodia,4.9,3.8,5.4,4.1,4.6,5.8,7.5,6.3,1.9,3.1,0.0,2.7,4.7,4.25,3.6,4.3,5.9,2,5.9,6.6,7.1,8,6.1,6,3.4333333333333336,9.4,1.8,5.2,5.4,5,4.9,Medium
30,Cameroon,6.4,7.7,5.7,4.6,6.3,6.1,7.9,6.5,2.1,6.5,9.0,6.3,2.6,5.800000000000001,2.4,3.2,6.5,0,6.4,7.0,7.1,7.5,6.6,6.8,2.35,9.6,5.9,5.6,6.2,5,5.7,High
31,Canada,2.0,0.1,2.9,3.9,1.5,0.4,0.0,1.7,0.0,2.4,6.2,0.1,0.6,0.9,5.7,5.7,3.4,6.8,1.1,2.0,2.0,2.3,1.6,1.9,2.266666666666667,0,0.1,0.05,0.1,0,2.0,Low
32,Central African Republic,6.5,8.5,5.5,7.3,9.4,9.6,10.0,8.5,10.0,9.2,9.8,8.8,9.6,7.9,2.8,1.1,9.3,0.4,9.1,8.7,8.0,7.5,8.4,9.3,8.8,10,9.2,9.35,8.7,10,7.6,Very High
33,Chad,7.7,9.8,6.6,5.9,7.9,8.5,10.0,7,7.0,7.2,8.6,3.6,8.5,6.5,2.8,2.7,8.4,0,8.3,9.1,8.1,8,8.1,9.8,9.8,9.8,10,7.3,7.1,7.5,7.2,Very High
34,Chile,2.9,0.0,4.4,3.3,1.7,1.7,1.1,4.6,0.0,1.7,3.4,0.6,1.6,1.1,4.7,4.9,4.3,4.8,2.8,3.1,3.1,3.3,2.8,3,1.1666666666666667,3.4,0.1,2.55,2.6,2.5,3.0,Low
35,China,4.0,1.5,5.2,4.1,2.9,2.6,3.7,2.8,0.0,3.1,5.3,0.4,1.8,4.1,5.2,5.9,3.7,5.6,2.5,4.2,5.0,5.9,4.0,3.3,0,7.6,0.3,0.3,0.6,0,3.4,Low
36,Colombia,3.8,1.7,4.9,4.5,4.7,3.8,3.9,5.9,1.3,5.5,10.0,0.6,1.2,2.65,4.2,4.4,5.8,3.2,4.6,5.0,5.8,6.3,5.2,4.1,1.4333333333333333,7.4,0.9,4.2,3.4,5,4.3,Medium
37,Comoros,6.6,6.3,6.7,3.9,4.9,6.2,7.9,5.1,3.9,3.3,0.0,2.7,7.3,0.9,2.7,2.7,7.9,0,8.2,6.9,7.9,7.5,8.3,5.7,1.4,9.8,3,9.05,8.1,10,6.0,High
38,Congo (Brazzaville),5.9,6.2,5.7,4.8,6.5,5.4,6.8,6.9,1.0,7.4,7.4,5.7,9.0,6.7,2.6,2.7,6.2,0.8,6.4,7.4,7.8,8.1,7.4,6.9,5.35,9.3,4.2,5.15,5.3,5,5.7,High
39,Congo (Kinshasa),7.9,9.3,7.2,5.7,7.7,6.7,9.2,6.5,1.9,8.4,9.0,5.5,9.2,8.75,2.6,2.8,7.5,0,6.9,7.7,8.2,8.2,8.1,7,3.25,10,5.3,5.8,6.6,5,6.8,Very High
40,Costa Rica,3.2,0.6,4.5,3.5,2.3,2.4,2.1,4.8,0.4,2.2,5.2,0.3,2.1,0.4,4.5,5.2,4.0,4.4,3.4,4.0,4.3,4.4,4.2,3.7,0.6666666666666666,5.9,0.3,2.75,3,2.5,3.4,Low
41,Cote d'Ivoire,6.6,6.7,6.5,4.4,5.8,6.0,8.3,6.5,0.8,5.6,7.1,5.2,4.2,5.35,2.7,4.3,5.8,0.4,6.0,6.6,6.3,6.5,6.1,6.8,1.25,9.6,6.9,5.3,5.6,5,5.6,High
42,Croatia,2.4,0.3,3.5,5.6,1.1,1.3,1.3,1.6,0.8,0.9,1.2,0.1,1.7,0.55,8.1,7.6,5.6,9.6,3.1,3.5,4.7,5.3,4.1,2.1,0.95,4.4,0.1,2.6,2.7,2.5,3.5,Medium
43,Cuba,2.9,1.0,3.8,4.4,1.6,2.7,2.4,4.2,1.6,0.4,0.0,0.4,0.8,0.4,6.4,6.7,4.5,7.2,3.0,3.5,5.4,5.2,5.5,1,0,1.8,0.4,2.5,0,5,3.4,Low
44,Cyprus,2.9,0.1,4.3,4.4,2.9,0.8,0.5,1.7,0.4,4.5,9.0,0.1,3.1,0.8,5.6,6.9,4.4,5.6,2.8,3.1,3.7,4.2,3.2,2.5,1.7666666666666666,2.5,0.1,2.55,2.6,2.5,3.3,Low
45,Czechia,2.8,0.1,4.1,5.3,0.8,0.4,0.2,1,0.3,1.2,2.3,0.1,1.6,0.6000000000000001,7.8,6.8,5.3,9.6,2.7,2.5,3.8,4.4,3.2,0.9,1,1.7,0,2.9,3.3,2.5,3.4,Low
46,Denmark,2.9,0.0,4.3,4.8,1.2,0.2,0.0,0.7,0.1,2.1,5.2,0.1,1.4,0.7,7.1,8.2,2.7,8.8,0.7,1.2,1.3,1.3,1.3,1.1,0.7999999999999999,0,0,0.2,0.4,0,2.1,Low
47,Djibouti,5.4,4.1,6.0,4.6,5.6,6.3,8.1,4.2,4.9,4.7,6.1,2.4,5.1,4.7,3.3,3.7,6.3,1.6,6.8,6.7,6.9,7,6.8,6.5,4.5,9.8,2.8,6.9,6.3,7.5,5.5,High
48,Dominica,3.9,1.6,5.0,4.0,2.3,3.4,3.5,3.4,3.1,1.0,0.0,0.6,2.3,1.0,5.3,6.4,4.1,5.3,4.8,5.5,5.1,4.5,5.6,5.9,2.25,8.2,5.9,4,3,5,4.2,Medium
49,Dominican Republic,4.2,2.3,5.1,3.5,2.7,3.6,3.8,5.6,1.0,1.6,0.0,1.3,3.1,1.75,4.2,5.5,6.4,2.4,5.5,5.8,6.5,7.2,5.8,4.9,4.2,7,1.1,5.1,5.2,5,4.3,Medium
50,Ecuador,3.5,1.4,4.6,3.6,3.4,3.4,3.8,5.1,0.8,3.3,6.0,0.7,2.9,2.6,3.7,4.3,6.4,2,4.6,5.2,5.9,6.2,5.5,4.3,3.1,7,0.7,3.85,2.7,5,3.9,Medium
51,Egypt,3.0,0.6,4.2,4.0,3.4,3.6,4.4,3.9,1.5,3.1,6.6,0.2,0.0,3.7,4.6,5.8,6.0,3.2,4.0,5.5,6.4,6.5,6.2,4.4,0.8,8.4,0.4,2.15,1.8,2.5,3.6,Medium
52,El Salvador,3.8,0.9,5.3,4.2,3.0,4.4,5.2,4.3,2.9,1.3,0.0,1.2,2.8,1.1,5.2,6.7,6.7,3.6,4.7,5.5,6.3,6.6,5.9,4.5,2.1999999999999997,8.1,0.5,3.75,2.5,5,4.2,Medium
53,Equatorial Guinea,6.7,5.7,7.2,3.9,4.7,4.2,6.2,4.2,0.1,5.1,0.0,6.4,2.8,8.149999999999999,2.9,3.8,5.5,1.2,7.6,7.6,8.0,8.4,7.6,7.2,10,7.3,3.3,7.65,7.8,7.5,5.8,High
54,Eritrea,6.4,8.9,5.1,4.4,5.7,6.9,9.3,6.9,2.1,4.2,2.2,1.6,5.6,6.3,2.8,2.3,7.9,0.4,7.2,7.3,8.1,7.7,8.5,6.4,1.0999999999999999,10,5.3,7,6.5,7.5,5.9,High
55,Estonia,2.3,0.1,3.4,4.7,1.0,0.7,0.4,1.6,0.3,1.2,1.2,0.8,1.6,1.35,7.0,5.3,3.4,9.6,2.4,2.2,2.6,2.6,2.6,1.8,1.2,3.4,0.1,2.55,2.6,2.5,3.0,Low
56,Eswatini,4.9,5.8,4.5,5.1,4.9,5.6,6.5,7.2,2.2,4.0,2.1,4.9,5.8,2.4,5.3,3.7,6.1,5.6,5.8,6.2,6.5,6.6,6.3,5.8,1.7333333333333334,7.9,4.9,5.4,5.8,5,5.3,High
57,Ethiopia,7.6,9.7,6.5,4.7,6.4,6.7,9.4,5.2,2.8,6.1,8.2,3.1,5.6,6.05,2.5,3.6,6.3,0,5.8,6.8,6.3,6.3,6.2,7.3,4.85,9.9,4.5,4.6,4.2,5,5.9,High
58,Fiji,3.3,0.8,4.5,4.3,3.3,3.4,3.5,3.9,2.5,3.1,0.0,3.7,1.6,5.9,5.1,5.0,1.9,6.8,5.0,4.4,4.5,4.5,4.5,4.3,0.26666666666666666,9.1,0.4,5.6,3.7,7.5,4.1,Medium
59,Finland,2.3,0.1,3.4,4.8,1.1,0.2,0.0,0.6,0.1,2.0,4.7,0.1,1.2,1.4500000000000002,7.1,7.5,2.4,9.2,0.8,1.2,1.2,1.4,1.0,1.1,1.7666666666666666,0,0,0.3,0.6,0,2.1,Low
60,France,2.8,0.1,4.2,4.9,1.8,0.5,0.2,1.3,0.2,2.9,7.1,0.3,0.8,0.8,7.0,7.5,5.3,7.6,2.0,1.8,2.6,3.1,2.0,0.9,1.6333333333333335,0,0.1,2.15,1.8,2.5,3.0,Low
61,Gabon,5.0,4.1,5.5,3.7,4.5,4.3,5.5,5.2,0.8,4.6,1.3,6.3,2.8,6.550000000000001,2.7,1.7,5.8,1.6,6.6,6.4,6.8,6.9,6.6,6,4.1,8.3,2.8,6.75,6,7.5,5.0,High
62,Gambia,6.9,6.6,7.0,3.9,5.4,7.1,8.9,5.5,5.0,3.1,2.9,2.3,2.9,4.3,2.1,3.4,5.1,0,6.9,6.7,6.3,6.3,6.2,7.1,2.6666666666666665,9.9,6.6,7,6.5,7.5,5.7,High
63,Georgia,3.1,0.7,4.3,5.3,3.7,2.9,2.3,4,3.0,4.4,8.7,1,2.8,1,6.6,6.1,4.3,8,4.0,3.7,4.1,4.4,3.8,3.3,2.033333333333333,7.5,0.3,4.2,3.4,5,4.0,Medium
64,Germany,2.2,0.1,3.3,5.6,2.1,0.4,0.0,1.4,0.1,3.6,8.2,0.1,0.8,1.65,7.8,8.7,4.1,9.2,0.8,1.2,1.9,2,1.8,0.4,1.4000000000000001,0,0.1,0.45,0.9,0,2.1,Low
65,Ghana,5.5,6.0,5.3,3.5,4.4,5.3,7.1,5.9,1.2,3.4,3.5,4.7,1.1,3.75,2.5,3.7,4.8,0.8,5.5,5.8,5.7,5.9,5.4,5.8,0.9,9.5,3.4,5.15,5.3,5,4.7,Medium
66,Greece,2.2,0.1,3.3,5.6,2.1,1.5,0.6,2.2,2.5,2.7,6.6,0.2,1.1,0.8500000000000001,7.7,7.7,5.6,8.8,2.9,3.3,4.8,5.2,4.3,1.5,1.0666666666666667,2.5,0,2.5,2.5,2.5,3.3,Low
67,Grenada,2.7,0.8,3.6,3.7,2.3,2.2,2.7,2.2,1.2,2.4,0.0,0.1,5.7,2.4,4.8,5.8,3.9,4.8,4.8,4.5,5.1,4.7,5.5,3.9,1.95,7.6,0.3,5,5,5,3.6,Medium
68,Guatemala,4.6,2.4,5.7,4.1,4.6,5.4,6.7,6.2,1.9,3.8,7.0,1.1,4.0,1.55,3.6,3.9,7.2,1.6,5.9,6.2,6.9,7.4,6.4,5.4,2.8333333333333335,8.6,1.1,5.65,3.8,7.5,4.8,Medium
69,Guinea,6.9,7.8,6.5,4.7,6.1,5.5,9.1,2.2,1.5,6.7,2.7,5.4,4.0,10,2.9,3.9,7.7,0,6.7,8.0,7.0,7.1,6.9,8.8,9.2,9.8,6.4,4.75,4.5,5,6.0,High
70,Guinea-Bissau,7.0,7.9,6.5,4.7,6.4,7.1,9.2,6.4,3.6,5.5,3.2,5.6,7.2,5.2,2.3,1.4,7.1,0.4,7.2,7.6,8.1,8.2,8.0,7.1,2,9.8,7.4,6.75,6,7.5,6.2,High
71,Guyana,2.4,1.5,2.9,3.9,3.6,4.4,4.5,6.6,2.1,2.6,0.8,4,2.6,2.6,4.1,2.9,6.2,3.6,5.2,5.4,5.8,6,5.5,4.9,0.5333333333333333,9,1.9,5,5,5,3.7,Medium
72,Haiti,6.8,6.9,6.7,5.6,6.9,7.5,8.2,6.2,7.4,6.1,4.7,3.3,9.0,5.1,3.9,3.8,7.8,2,7.7,8.4,8.5,8.2,8.8,8.2,8.3,9.8,5.3,6.8,6.1,7.5,6.6,Very High
73,Honduras,4.3,1.5,5.7,4.1,4.8,5.7,6.4,6.4,3.4,3.8,7.1,1.1,3.4,1.8499999999999999,3.3,4.0,6.0,1.6,6.5,5.9,6.8,7.4,6.2,4.8,0.3,8.8,0.7,7.05,6.6,7.5,4.9,Medium
74,Hungary,2.4,0.1,3.5,5.4,1.4,1.3,1.1,2.4,0.5,1.5,2.8,0.1,1.6,1.3,7.7,6.8,4.9,9.6,3.1,3.2,4.8,5.6,4.0,1.3,0,3.5,0.1,2.9,3.3,2.5,3.4,Low
75,Iceland,3.8,0.1,5.7,3.6,0.7,0.2,0.0,0.8,0.1,1.1,2.2,0.1,0.9,1.1,5.7,5.3,4.7,6.4,1.3,1.7,2.2,2.2,2.1,1.1,1.4333333333333333,0,0,0.8,1.6,0,2.6,Low
76,India,4.7,3.2,5.4,4.5,4.5,4.6,6.6,4.7,0.4,4.3,6.1,2.2,4.4,3.75,4.5,5.6,5.3,3.6,4.6,5.4,5.2,5.9,4.4,5.6,2.8,9.4,1.6,3.75,2.5,5,4.6,Medium
77,Indonesia,4.4,2.8,5.2,3.9,3.4,3.6,4.7,4.7,0.2,3.2,3.4,2.7,2.2,4.2,4.4,6.1,4.3,3.6,5.1,5.7,5.3,6,4.6,6.1,4.75,8.9,2,4.35,3.7,5,4.4,Medium
78,Iran,3.6,1.1,4.8,3.7,3.1,2.4,2.1,5.2,0.1,3.8,8.0,0.1,1.3,2.5,4.2,5.1,5.1,3.2,3.8,5.2,6.7,7.4,5.9,3.2,0.1,4.9,0.2,2,1.5,2.5,3.7,Medium
79,Iraq,4.2,0.6,6.0,4.5,5.6,4.4,4.9,4.2,3.6,6.6,9.1,0.5,6.8,6.8,3.1,5.1,5.0,1.2,6.0,7.0,7.8,8,7.6,6.1,6.766666666666667,8.5,0.9,4.65,1.8,7.5,4.8,Medium
80,Ireland,3.1,0.7,4.3,3.8,0.9,0.4,0.0,1.5,0.1,1.3,3.9,0.2,0.2,0.35,5.9,7.1,3.7,6.4,2.4,1.9,2.4,2.6,2.2,1.4,1.0499999999999998,0,0.1,2.9,3.3,2.5,3.0,Low
81,Israel,4.1,0.0,6.2,3.2,1.4,0.6,0.0,2.4,0.1,2.2,5.4,0.1,0.0,2.2,4.6,6.4,4.9,3.6,1.5,2.4,3.3,4,2.6,1.3,0.5,0.5,0,0.45,0.9,0,2.7,Low
82,Italy,2.8,0.1,4.1,5.8,1.5,0.6,0.3,1.8,0.1,2.4,6.5,0.2,0.4,0.5,8.2,8.6,5.8,9.2,1.9,3.0,4.5,4.7,4.2,1.1,1.4666666666666668,0,0,0.75,1.5,0,3.1,Low
83,Jamaica,4.0,2.1,5.0,4.1,2.8,3.9,4.1,5.4,2.1,1.5,0.0,1.7,2.9,1.1,5.2,6.2,5.0,4.8,4.2,4.7,4.9,5.7,4.0,4.4,0.85,8.4,0.9,3.7,2.4,5,4.1,Medium
84,Japan,3.2,0.1,4.7,5.7,1.1,0.3,0.0,1.3,0.0,1.9,3.7,0.2,2.4,1,8.2,8.9,3.8,10,0.7,1.4,2.2,2.7,1.6,0.6,0.2333333333333333,0,0.1,0,0,0,2.3,Low
85,Jordan,4.1,0.3,6.0,4.0,4.8,3.6,2.2,4.2,5.8,5.8,10.0,0.1,3.6,2.6,3.0,4.6,4.2,1.6,4.8,4.4,5.0,5.2,4.8,3.8,0,8.5,0.5,5.1,5.2,5,4.3,Medium
86,Kazakhstan,2.6,0.3,3.8,2.7,0.9,1.1,1.3,1.7,0.0,0.7,0.0,0.5,0.8,1.6,4.2,4.9,4.6,3.6,4.1,4.3,5.8,6.6,5.0,2.3,0.06666666666666667,7.3,0.1,3.95,2.9,5,3.1,Low
87,Kenya,6.0,7.4,5.3,4.7,6.1,5.7,7.5,5.7,1.9,6.5,7.7,4.6,7.5,5.4,2.9,3.4,6.5,0.8,6.3,6.8,6.5,7.2,5.8,7.1,5.866666666666667,9.7,3.8,5.75,6.5,5,5.6,High
88,Kiribati,5.9,5.3,6.2,5.9,5.6,5.4,5.5,3,7.7,5.7,0.0,8.8,0.6,8,6.2,5.9,7.7,5.6,5.9,5.5,5.6,5.6,5.6,5.3,2.1,9.3,1,6.2,4.9,7.5,5.9,High
89,Korea DPR,3.9,1.4,5.1,5.4,6.0,5.9,8.4,5.9,0.8,6.0,0.0,3.9,9.4,6.0,4.8,4.5,3.3,5.6,5.0,5.6,8.2,8.3,8.1,0.6,0.25,0.6,1,4.35,3.7,5,4.7,Medium
90,"Korea, South",3.9,0.0,5.9,4.8,1.2,0.4,0.0,1.3,0.1,1.9,3.6,0.4,1.0,2.2,7.1,8.3,4.7,7.6,1.3,2.2,3.4,4.1,2.6,0.8,0.2333333333333333,1,0.1,0.3,0.6,0,2.9,Low
91,Kuwait,4.9,0.0,7.3,3.2,1.9,1.7,1.8,3.3,0.0,2.0,1.6,0.3,1.0,4.6,4.3,5.8,4.9,3.2,3.6,3.8,5.6,6,5.2,1.5,0,0.3,0.1,3.45,4.4,2.5,3.8,Medium
92,Kyrgyzstan,3.1,1.2,4.1,3.1,3.1,3.9,4.0,2.9,4.8,2.1,0.8,0.8,2.4,3.9,3.1,3.9,5.3,1.6,5.7,5.4,6.6,7,6.2,4,1.2,9.4,0.7,5.9,4.3,7.5,3.8,Medium
93,Laos,4.1,3.6,4.4,3.6,4.0,5.0,6.8,4.6,1.6,2.9,0.0,1.7,4.9,4.2,3.2,4.2,4.7,2,6.6,6.2,6.7,7.1,6.3,5.7,2.55,9.6,2.1,7,6.5,7.5,4.6,Medium
94,Latvia,2.4,0.6,3.3,5.6,1.1,1.2,0.9,2.3,0.6,1.0,1.3,0.7,1.4,0.75,8.1,7.2,5.1,10,2.8,3.0,3.7,4.4,2.9,2.2,1.3,4.8,0.2,2.5,2.5,2.5,3.4,Low
95,Lebanon,4.5,0.7,6.4,5.4,5.2,3.9,3.4,3.3,5.3,6.3,10.0,0.1,3.4,5.4,5.5,6.2,7.0,4.4,5.2,5.7,6.8,7.2,6.3,4.2,4.666666666666667,6.3,0.3,4.6,4.2,5,5.0,High
96,Lesotho,5.5,7.1,4.7,5.7,5.8,6.9,7.8,7.3,4.6,4.4,0.0,7.3,3.8,4.6,5.6,3.3,6.2,6.4,6.8,6.4,6.4,6,6.7,6.4,1.6333333333333335,9.3,6,7.1,6.7,7.5,6.0,High
97,Liberia,7.0,7.9,6.5,5.3,6.8,7.4,9.0,5.7,6.0,6.1,3.4,4.8,8.3,6.5,3.2,4.4,7.4,0.4,6.4,7.4,7.5,7.2,7.7,7.2,2.2,9.7,7.3,5.2,5.4,5,6.2,High
98,Libya,3.0,0.1,4.5,3.9,4.1,3.6,3.5,2.3,5.2,4.5,8.8,0.4,1.7,3,3.7,3.1,5.4,3.2,6.7,6.7,8.5,8.2,8.7,3.6,0.7000000000000001,8,0.8,6.7,5.9,7.5,4.3,Medium
99,Liechtenstein,1.9,0.0,2.8,2.6,0.9,0.0,0.0,0.0,0.0,1.7,2.6,1.7,0.8,1.7,4.0,4.9,3.1,4.0,1.5,1.5,1.5,1.5,1.5,1.5,1.5,1.5,1.5,1.5,1.5,1.5,1.9,Very Low
100,Lithuania,2.4,0.6,3.3,5.2,1.0,1.0,0.6,2.4,0.5,1.0,2.0,0.5,0.8,0.6000000000000001,7.6,6.5,3.9,10,1.7,2.5,3.5,4,2.9,1.4,1.6333333333333335,3.5,0.1,0.9,1.8,0,2.8,Low
101,Luxembourg,3.8,0.2,5.6,4.2,1.0,0.5,0.0,1.6,0.5,1.4,3.4,0.3,1.1,0.3,6.4,6.0,4.3,7.6,1.9,1.4,1.7,2,1.4,1.1,0.9666666666666668,0,0.1,2.45,2.4,2.5,3.1,Low
102,Madagascar,6.9,7.5,6.6,4.6,6.0,6.1,9.0,4.4,1.8,5.9,1.4,4,9.1,5.6,2.7,3.1,7.5,0,7.3,7.2,7.5,7.6,7.3,6.9,4.2,9.9,3.7,7.45,7.4,7.5,6.1,High
103,Malawi,6.6,7.5,6.2,4.8,6.1,7.1,8.6,6.6,4.5,4.9,5.0,6.3,4.5,3.5999999999999996,3.1,3.0,7.1,1.2,6.0,6.6,6.7,6.9,6.5,6.5,3.066666666666667,9.8,3.9,5.4,5.8,5,5.7,High
104,Malaysia,4.2,0.3,6.2,3.6,2.9,2.0,1.9,3.9,0.1,3.7,6.1,0.7,1.7,5.1,4.2,5.9,3.7,3.6,2.1,3.7,3.8,4.7,2.8,3.5,0,6.6,0.3,0.25,0.5,0,3.2,Low
105,Maldives,4.8,0.2,7.1,2.5,1.9,2.6,2.7,4.2,0.7,1.2,0.0,0.3,3.1,1.2,3.0,5.2,3.7,1.6,5.2,5.0,6.6,7.1,6.0,2.8,0,4.6,0.6,5.3,5.6,5,4.0,Medium
106,Mali,6.0,5.0,6.5,4.8,6.5,7.5,9.7,5.5,5.0,5.2,7.0,4.3,0.8,6.9,2.5,3.9,5.9,0,6.5,7.6,7.1,7.1,7.0,8.1,6.35,9.9,6.2,5.1,5.1,5.1,5.7,High
107,Malta,4.7,0.0,7.1,4.9,1.4,0.7,0.3,1.9,0.3,2.0,5.2,0.1,1.0,0.45,7.2,5.2,5.3,9.2,2.9,2.6,3.9,4.6,3.1,1,1.4500000000000002,0,0.1,3.25,4,2.5,4.1,Medium
108,Marshall Islands,4.7,1.8,6.1,4.8,4.8,5.4,4.0,5.4,8.2,4.2,0.0,6.2,5.0,4.3,4.7,3.6,5.8,4.7,7.0,7.6,8.1,8.1,8.1,6.9,4.7,7,6.9,6.3,5.1,7.5,5.4,High
109,Mauritania,6.3,6.3,6.3,4.1,5.4,6.6,8.3,5.1,4.5,3.8,6.6,1.5,2.7,3.3,2.4,3.5,6.0,0,7.4,7.4,6.9,7.2,6.5,7.8,3.4000000000000004,9.6,8.5,7.45,7.4,7.5,5.8,High
110,Mauritius,3.0,0.3,4.3,5.0,1.6,2.3,2.1,3.8,1.1,0.9,0.0,0.7,2.0,0.9,7.2,6.4,4.6,8.8,3.4,3.7,4.0,4.8,3.2,3.4,1.3333333333333333,6.1,0.7,3.15,3.8,2.5,3.7,Medium
111,Mexico,3.3,0.8,4.6,4.2,3.1,3.3,4.1,4.6,0.4,2.8,6.4,0.9,1.2,1.2,5.2,5.2,6.6,4.4,3.6,5.0,6.2,7.1,5.3,3.6,0.6333333333333333,6.9,0.4,1.95,1.4,2.5,3.7,Medium
112,Micronesia,3.6,2.5,4.2,5.2,4.9,5.6,5.7,3.8,7.3,4.2,0.0,5,5.0,5.7,5.5,5.4,6.1,5.2,6.5,5.3,5.3,5.3,5.3,5.3,6.066666666666666,8.7,1,7.5,7.5,7.5,5.0,High
113,Moldova,3.8,1.9,4.7,4.8,2.2,2.5,2.9,1.6,2.5,1.9,1.0,1.1,3.0,2.2,6.6,5.4,6.4,7.2,4.8,5.0,6.4,6.8,5.9,3.3,2.233333333333333,8.5,0.2,4.5,4,5,4.4,Medium
114,Mongolia,3.8,3.4,4.0,3.3,3.1,3.9,4.8,3.1,2.7,2.3,0.0,2.6,3.9,2.1,3.5,4.5,5.5,2,4.1,4.9,6.0,6.5,5.5,3.6,3.4,8.6,0.5,3.2,1.4,5,3.7,Medium
115,Montenegro,2.7,0.4,3.9,3.9,1.2,1.6,1.3,1.7,2.0,0.7,1.8,0.2,0.6,0.3,5.9,5.1,4.0,7.2,4.7,4.2,5.1,5.5,4.7,3.2,2.35,5.6,0.1,5.15,5.3,5,3.7,Medium
116,Morocco,4.1,1.8,5.2,4.2,3.2,4.6,6.0,5.1,1.1,1.5,2.6,0.5,0.0,2.7,5.0,5.1,5.9,4.4,4.5,5.1,5.7,5.9,5.4,4.5,0,8.6,0.8,3.75,2.5,5,4.3,Medium
117,Mozambique,6.9,8.0,6.4,5.7,7.2,7.7,9.4,7.5,4.5,6.6,4.8,9.3,6.8,3.05,3.5,3.2,7.5,1.6,6.1,7.1,7.1,7.4,6.7,7,5.199999999999999,10,3.2,4.85,4.7,5,6.2,High
118,Namibia,5.1,5.2,5.0,4.4,5.2,5.6,7.0,7.3,1.1,4.8,2.8,5.9,5.9,3.9000000000000004,3.6,3.4,5.3,2.8,5.8,5.1,4.8,4.8,4.8,5.4,5.766666666666667,6.9,2.2,6.4,5.3,7.5,5.1,High
119,Nauru,4.9,2.0,6.4,4.7,4.3,4.3,2.8,4.3,7.2,4.3,5.3,2.3,5.0,4.3,5.1,3.5,6.7,5.1,6.0,4.7,5.2,5.2,5.2,4.2,1.4,5.9,4.2,7.05,6.6,7.5,5.2,High
120,Nepal,5.1,3.8,5.7,4.1,4.7,5.9,7.3,4.2,4.6,3.2,3.7,2.3,2.7,3.8,3.4,4.5,5.9,1.6,6.4,6.4,6.7,6.6,6.8,6.1,3.8333333333333335,9.6,2.1,6.35,7.7,5,5.1,High
121,Netherlands,3.5,0.2,5.2,4.5,1.4,0.2,0.0,0.7,0.1,2.5,6.0,0.1,1.6,1,6.6,7.2,2.5,8.4,0.9,1.3,1.6,1.8,1.3,1,1.0999999999999999,0,0.1,0.55,1.1,0,2.4,Low
122,New Zealand,3.1,0.0,4.7,3.2,0.8,0.5,0.0,1.8,0.1,1.1,1.8,0.1,1.4,0.9,5.1,5.8,3.5,5.6,1.0,1.5,1.5,1.3,1.7,1.4,1.0333333333333332,0,0.1,0.5,1,0,2.1,Low
123,Nicaragua,4.3,3.0,5.0,4.0,3.7,5.0,6.0,5.7,2.3,2.1,0.9,1,4.3,1.55,4.2,5.3,7.3,2,5.6,6.1,7.2,7.8,6.6,4.7,0.9666666666666668,8.5,1.1,5.1,2.7,7.5,4.6,Medium
124,Niger,7.1,9.0,6.2,5.3,7.0,7.7,10.0,5.5,5.4,6.2,7.7,4.5,3.7,7.5,2.9,3.2,8.5,0,6.3,7.2,6.7,6.8,6.5,7.7,5.433333333333334,10,5.7,5.3,5.6,5,6.2,High
125,Nigeria,6.5,5.8,6.9,4.4,5.7,5.7,8.3,4.5,1.6,5.6,7.9,6.1,3.7,3.3,2.7,4.0,6.7,0,7.2,8.7,7.2,7.4,7.0,9.6,9.85,9.4,10,4.9,4.8,5,5.9,High
126,North Macedonia,2.5,0.6,3.5,4.5,1.8,2.4,3.2,2.3,1.0,1.2,1.2,0.1,2.0,1.6,6.4,6.6,4.7,7.2,4.4,4.4,5.7,6.5,4.8,2.9,0.85,7,0.1,4.35,3.7,5,3.7,Medium
127,Norway,2.0,0.1,3.0,4.1,1.4,0.2,0.0,0.6,0.0,2.4,5.9,0.2,1.0,1.1,6.1,5.6,4.4,7.2,0.8,1.2,1.4,1.6,1.2,0.9,0.9,0,0,0.4,0.8,0,1.9,Very Low
128,Oman,5.0,0.5,7.2,2.2,1.4,1.7,1.3,4.1,0.0,1.1,1.0,0.1,2.3,0.9,3.0,4.8,3.0,2,2.4,3.4,4.7,4.8,4.6,1.9,0,0.6,0.2,1.25,0,2.5,3.0,Low
129,Pakistan,5.3,3.3,6.3,4.4,5.3,5.3,7.8,4.7,1.0,5.3,7.6,1.8,5.3,5.2,3.4,5.1,6.1,1.2,6.4,6.5,6.6,6.8,6.3,6.4,5.8,9.7,1.6,6.2,4.9,7.5,5.3,High
130,Palau,3.5,0.0,5.3,3.3,2.8,3.4,1.7,3.4,6.8,2.2,0.0,1,5.0,2,3.7,4.4,2.9,3.7,5.2,4.5,5.0,5.0,5.0,3.9,0.9,3.8,3.9,5.75,4,7.5,3.9,Medium
131,Palestine,5.1,0.4,7.4,4.1,5.2,4.2,3.2,2.2,8.2,6.1,10.0,0,2.8,4.8,2.9,4.9,5.1,0.8,6.0,4.0,6.5,6.5,6.5,0.2,0,0.2,0.3,7.5,7.5,7.5,5.0,High
132,Panama,3.6,1.3,4.7,3.4,2.6,2.7,2.1,6.2,0.3,2.5,4.2,1,2.9,1.35,4.2,5.1,5.4,3.2,4.3,4.6,5.7,6.4,5.0,3.3,1.8666666666666665,4.2,0.6,3.95,2.9,5,3.7,Medium
133,Papua New Guinea,5.6,9.8,3.5,4.8,5.3,5.8,7.1,7.1,1.7,4.7,4.3,5.7,3.9,4.7,4.2,2.0,6.6,4,6.8,6.6,6.8,7.2,6.4,6.4,7.800000000000001,9.9,1.6,6.95,6.4,7.5,5.7,High
134,Paraguay,2.5,1.1,3.2,3.4,3.0,3.7,4.1,6.2,0.4,2.2,0.9,1.3,3.5,2.8,3.7,4.3,6.4,2,5.7,5.7,6.6,7.2,6.0,4.6,1.7,7.6,1.4,5.65,3.8,7.5,3.6,Medium
135,Peru,4.0,2.2,4.9,3.8,3.8,3.8,4.9,4.9,0.4,3.8,6.9,0.9,3.0,3.05,3.8,4.8,5.7,2.4,5.1,5.5,6.0,6.4,5.5,5,3.8333333333333335,7.9,1,4.75,4.5,5,4.3,Medium
136,Philippines,4.5,2.0,5.7,4.1,3.9,3.8,4.5,4.8,1.3,3.9,6.2,3.9,3.4,1.25,4.3,6.3,5.2,2.8,5.5,5.9,5.8,6.6,4.9,5.9,3.8333333333333335,9,1.3,5,5,5,4.7,Medium
137,Poland,2.0,0.1,3.0,5.2,1.1,0.8,0.6,1.6,0.2,1.3,3.3,0.2,0.8,0.7,7.6,8.0,4.7,8.8,2.8,3.0,4.0,4.2,3.7,1.9,0.6,4.1,0,2.5,2.5,2.5,3.1,Low
138,Portugal,2.2,0.0,3.3,5.6,1.0,1.0,1.0,1.9,0.1,0.9,1.7,0.3,0.8,0.6000000000000001,8.1,7.9,4.6,10,1.7,2.3,3.2,3.8,2.6,1.3,0.4666666666666666,0.8,0.1,1.15,2.3,0,2.8,Low
139,Qatar,5.0,0.1,7.4,2.3,1.0,1.2,1.0,2.7,0.1,0.8,0.9,0.3,1.0,0.8,3.4,6.5,2.1,2.4,3.2,3.2,3.8,3.8,3.7,2.5,0.5,0,0.1,3.15,1.3,5,3.3,Low
140,Romania,2.4,0.9,3.1,5.6,1.6,1.9,1.7,3.5,0.5,1.2,2.5,0.5,0.4,1.15,7.9,7.5,6.3,8.8,3.7,4.6,5.6,5.6,5.5,3.3,3.5,6.3,0.2,2.65,2.8,2.5,3.7,Medium
141,Russia,2.3,0.8,3.1,4.8,2.1,1.6,1.5,3.3,0.1,2.6,4.6,1.8,0.8,2.8,6.7,6.2,3.7,8.4,3.0,4.4,6.2,7.2,5.1,1.9,1.8333333333333333,5.7,0.2,1.25,0,2.5,3.2,Low
142,Rwanda,5.9,6.7,5.5,4.6,6.4,6.3,8.2,5.1,3.7,6.5,6.6,5.1,8.4,4.8,2.2,4.5,4.1,0,4.6,5.1,4.7,4.7,4.6,5.4,0.36666666666666664,9.7,2.8,4.15,3.3,5,5.0,High
143,Saint Kitts and Nevis,2.9,0.6,4.1,2.9,1.7,1.8,2.5,1.8,0.5,1.6,0.9,0,3.5,1.6,3.9,4.7,3.1,3.9,4.3,3.5,3.9,3.9,3.9,3.1,0.5,5.2,3.1,5.1,5.2,5,3.3,Low
144,Saint Lucia,2.5,1.0,3.3,4.8,2.9,3.1,3.2,5.5,0.6,2.7,0.0,0.8,6.0,2.7,6.2,7.6,6.1,5.6,4.8,5.0,4.6,4.5,4.6,5.4,3.8000000000000003,7.9,1.3,4.5,4,5,3.9,Medium
145,Saint Vincent and the Grenadines,3.8,1.1,5.2,3.9,1.8,2.7,3.4,2.7,1.4,0.7,0.0,0,2.1,0.7,5.6,4.9,6.3,5.6,4.8,4.3,4.4,4.1,4.6,4.1,0,8.8,0.8,5.25,5.5,5,4.1,Medium
146,Samoa,1.8,0.3,2.6,3.8,3.9,5.2,3.9,4.2,8.6,2.2,0.0,1.9,1.3,4.8,3.7,4.6,3.1,3.6,5.2,5.2,3.8,3.8,3.8,6.4,6.949999999999999,9,0.5,5.1,2.7,7.5,3.3,Low
147,Sao Tome and Principe,6.4,4.9,7.1,3.4,4.4,5.4,6.6,4.4,3.8,3.2,0.0,3.5,2.5,5.8,2.2,3.0,5.1,0.4,6.2,5.5,5.9,5.4,6.3,5.1,1.7666666666666666,9.5,1.4,6.8,6.1,7.5,5.1,High
148,Saudi Arabia,3.1,0.0,4.6,2.3,1.2,1.2,0.9,3,0.0,1.1,1.5,0.1,1.7,1.1,3.2,5.2,2.9,2.4,3.0,3.2,4.6,4.7,4.4,1.5,0.3,0,0.2,2.8,3.1,2.5,2.8,Low
149,Senegal,6.1,5.5,6.4,3.9,5.3,6.3,8.5,5.4,2.6,4.0,4.5,3.2,3.5,4.75,2.1,2.3,6.1,0,5.6,5.9,5.5,5.5,5.5,6.3,2.3666666666666667,9.7,3.5,5.25,5.5,5,5.1,High
150,Serbia,2.3,1.0,2.9,5.2,1.9,1.5,1.3,1.6,1.8,2.2,4.7,0.2,2.8,0.4,7.3,5.4,6.1,8.8,4.1,4.1,5.5,6.1,4.8,2.4,1.0499999999999998,5.7,0.1,4.05,3.1,5,3.7,Medium
151,Seychelles,3.8,0.3,5.6,3.9,2.1,2.7,2.0,5.5,1.1,1.5,0.0,0.2,3.7,1.5,5.3,6.6,4.1,5.2,4.4,3.6,3.7,3.4,4.0,3.4,0.15,6.4,0.6,5.1,5.2,5,4.0,Medium
152,Sierra Leone,7.1,8.0,6.7,4.8,6.3,6.9,9.2,5.5,3.7,5.7,0.9,7,6.1,7.05,2.8,4.0,6.2,0.4,6.7,7.6,7.0,6.7,7.3,8.1,3.5,9.3,10,5.6,6.2,5,6.1,High
153,Singapore,4.0,0.0,6.0,3.9,1.2,0.2,0.0,0.9,0.0,2.1,0.0,0.4,1.7,5.1,5.8,8.0,1.4,6.8,0.9,1.4,1.0,1.5,0.5,1.8,1.5666666666666667,0,0.1,0.45,0.9,0,2.4,Low
154,Slovakia,2.5,0.1,3.7,5.0,1.1,0.9,0.9,1.5,0.4,1.2,1.1,0.1,2.3,1.05,7.4,6.3,7.2,8,3.0,3.1,4.3,5,3.6,1.7,0.43333333333333335,2.8,0.1,2.8,3.1,2.5,3.3,Low
155,Slovenia,2.0,0.1,3.0,5.2,0.7,0.2,0.0,0.5,0.2,1.1,1.4,0.1,1.6,1.05,7.8,6.5,6.1,9.2,1.8,2.6,3.4,4,2.7,1.8,3.033333333333333,0.8,0.1,0.9,1.8,0,2.7,Low
156,Solomon Islands,5.7,6.4,5.4,4.6,5.7,5.9,6.9,3,6.7,5.4,0.0,4.8,2.8,9.3,3.3,2.4,5.2,2.8,6.6,6.0,6.5,5.8,7.1,5.5,1.9500000000000002,9.8,1.2,7.05,6.6,7.5,5.6,High
157,Somalia,6.9,7.9,6.4,6.6,8.7,9.1,8.7,9.1,10.0,8.2,10.0,2,6.4,9.5,2.6,1.9,8.5,0,8.5,9.4,9.3,9.1,9.4,9.5,9.7,9.5,9.2,7.2,6.9,7.5,7.3,Very High
158,South Africa,4.1,3.2,4.6,5.4,5.2,4.3,4.6,7.6,0.3,5.9,6.6,6,1.9,7.6,5.5,5.5,5.2,5.6,4.7,5.2,5.0,5.6,4.3,5.3,6.266666666666666,6.5,1.3,4.2,3.4,5,4.7,Medium
159,South Sudan,7.3,9.9,6.0,6.2,8.3,8.2,9.9,5.3,7.7,8.4,10.0,5.4,8.1,8.4,2.7,2.6,8.3,0,8.6,9.7,9.4,8.8,9.9,10,10,9.9,10,6.8,6.1,7.5,7.3,Very High
160,Spain,2.5,0.0,3.7,5.4,1.4,0.6,0.1,1.9,0.1,2.2,5.3,0.3,1.4,0.65,7.7,8.1,5.9,8.4,1.6,2.3,3.4,3.8,3.0,1,0.6,0,0,0.8,1.6,0,2.8,Low
161,Sri Lanka,3.4,1.2,4.5,4.5,3.3,2.6,2.4,4.4,1.0,4.0,4.5,0.4,3.0,6.6,5.5,5.3,5.6,5.6,5.1,5.0,5.9,6.2,5.5,3.9,0,8.5,0.4,5.2,5.4,5,4.3,Medium
162,Sudan,6.8,7.1,6.6,4.9,6.3,6.4,8.6,5.1,3.3,6.1,9.6,1.4,5.1,4.2,3.2,3.5,6.9,1.2,6.0,7.3,8.3,8.4,8.2,5.9,2,9.2,3.3,4.25,3.5,5,5.8,High
163,Suriname,2.5,1.9,2.8,3.7,3.0,4.1,4.9,6.2,0.2,1.8,1.3,1.1,3.0,1.8,4.3,4.0,5.1,4,4.8,5.7,6.0,5.6,6.3,5.3,6.2,7.1,1.3,3.85,2.7,5,3.5,Medium
164,Sweden,2.8,0.1,4.1,4.6,2.0,0.2,0.0,0.8,0.1,3.5,7.8,0.2,1.6,1.1,6.4,7.6,2.6,7.6,0.8,1.2,1.4,1.5,1.3,1,0.5,0,0,0.4,0.8,0,2.2,Low
165,Switzerland,3.7,0.0,5.6,3.1,1.7,0.3,0.0,1.2,0.1,2.9,6.5,0.2,1.3,1.8,4.3,8.3,3.9,2.4,0.6,1.1,1.2,1.5,0.9,0.9,1.5666666666666667,0,0.1,0,0,0,1.9,Very Low
166,Syria,2.9,1.5,3.6,5.6,7.3,7.5,6.3,7.3,10.0,7.1,10.0,0.5,5.6,7.1,3.1,4.6,6.3,0.8,6.5,7.6,8.5,8.7,8.3,6.3,7.699999999999999,9.6,0.3,5,2.5,7.5,4.7,Medium
167,Tajikistan,4.3,2.0,5.5,3.2,4.1,4.7,5.2,3.7,4.5,3.5,2.0,1.4,4.0,5.8,2.2,2.8,4.5,0.8,5.9,5.9,7.4,7.5,7.2,3.7,0.35,9.5,0.2,5.85,4.2,7.5,4.3,Medium
168,Tanzania,6.4,6.7,6.2,4.6,6.2,5.8,8.3,5.2,1.5,6.5,6.5,5.3,7.1,6.85,2.4,4.1,5.5,0,5.9,6.5,6.4,6.3,6.5,6.6,1.3333333333333333,9.8,5.8,5.15,5.3,5,5.6,High
169,Thailand,3.2,0.3,4.6,4.7,2.5,2.2,2.3,4,0.2,2.8,5.5,1.3,2.7,1,6.3,6.7,4.9,6.8,3.7,4.8,5.4,6.4,4.3,4.1,0.35,8,0.4,2.3,2.1,2.5,3.8,Medium
170,Timor-Leste,5.6,5.3,5.8,4.6,5.7,5.0,7.4,0.9,4.1,6.3,0.0,6.4,6.5,8.8,3.2,4.1,6.3,1.2,6.4,6.2,6.6,6.2,7.0,5.7,6.1000000000000005,9.8,1.6,6.55,5.6,7.5,5.5,High
171,Togo,6.8,8.0,6.2,4.3,5.3,6.3,8.4,6,2.4,4.1,3.7,5.3,4.3,3.1,3.2,4.6,7.2,0.4,6.9,6.7,7.1,7.1,7.1,6.3,1.5,9.8,4.4,7.15,6.8,7.5,5.9,High
172,Tonga,2.7,0.4,3.8,4.3,4.3,5.5,3.7,4.4,10.0,2.8,0.0,2.1,4.2,4.1,4.3,3.7,3.7,4.8,5.5,5.0,4.7,4.7,4.7,5.3,2.75,9.1,0.6,5.9,4.3,7.5,4.0,Medium
173,Trinidad and Tobago,2.6,0.7,3.6,4.5,2.1,2.1,1.7,4.3,0.7,2.1,4.4,0.8,1.6,1.2000000000000002,6.3,6.5,5.1,6.8,4.6,4.2,5.3,6,4.6,2.8,2.8333333333333335,2.8,0.7,5.05,5.1,5,3.8,Medium
174,Tunisia,3.3,1.2,4.3,3.5,1.9,2.6,3.0,3,1.5,1.1,1.2,0.3,0.4,2.3,4.9,5.4,5.5,4.4,4.5,4.7,5.5,5.7,5.2,3.8,0.25,7.4,0.5,4.2,3.4,5,3.7,Medium
175,Turkey,3.4,0.3,4.9,4.6,3.6,2.6,1.9,4.2,2.4,4.5,9.4,0.1,0.0,1.9,5.4,7.6,5.0,4.4,3.7,4.6,5.6,6.1,5.0,3.5,1.0666666666666667,6.5,0.2,2.6,2.7,2.5,3.9,Medium
176,Turkmenistan,3.1,0.1,4.6,2.4,1.5,1.5,2.3,1.5,0.0,1.5,0.0,0.3,2.0,3.2,3.2,4.5,3.4,2.4,4.9,5.5,7.6,8.1,7.1,2.3,0,6.4,0.1,4.15,3.3,5,3.3,Low
177,Tuvalu,4.8,1.0,6.7,4.8,4.9,5.1,4.6,3.5,7.7,4.7,0.0,7.2,4.2,5.5,4.6,3.2,6.0,4.6,5.8,5.6,6.4,6.4,6.4,4.7,0.65,8.1,4.7,6.05,4.6,7.5,5.1,High
178,US,2.8,0.1,4.1,4.3,1.9,0.8,0.0,3.3,0.0,2.8,7.1,0.1,0.2,1.3,6.1,7.3,3.3,6.8,1.3,2.0,2.5,3.1,1.8,1.5,0.8333333333333334,0,0.2,0.45,0.9,0,2.5,Low
179,Uganda,7.1,8.5,6.4,5.3,7.2,6.5,8.3,5.8,3.4,7.8,8.8,5.9,8.7,6.9,2.6,3.2,7.2,0,5.9,6.7,6.7,7.2,6.2,6.6,2.75,9.8,4.2,4.95,4.9,5,6.1,High
180,Ukraine,2.4,0.7,3.3,5.4,2.9,1.8,1.6,1.9,2.2,3.9,8.1,1.1,2.1,1.2,7.2,6.0,5.2,8.8,5.1,5.2,6.4,7,5.8,3.8,5.4,8.4,0.2,5,2.5,7.5,4.0,Medium
181,United Arab Emirates,4.4,0.3,6.5,2.4,1.2,0.7,0.7,1.5,0.0,1.6,3.0,0,1.5,1.6,3.4,7.3,0.8,2.8,1.3,2.3,2.5,2.9,2.1,2,0.26666666666666666,1.5,0,0.25,0.5,0,2.4,Low
182,United Kingdom,3.2,0.1,4.8,4.5,1.5,0.5,0.0,1.9,0.1,2.4,5.8,0.3,1.0,1.1,6.5,7.6,3.0,7.6,1.2,2.0,2.3,2.3,2.3,1.6,1.3,0,0.1,0.35,0.7,0,2.6,Low
183,Uruguay,2.9,0.3,4.2,3.7,1.7,1.9,1.8,3.7,0.1,1.4,3.3,0.6,1.3,0.2,5.2,5.5,3.3,6,3.0,2.7,3.4,2.9,3.9,2,0.9,3.5,0.2,3.25,1.5,5,3.2,Low
184,Uzbekistan,3.5,0.2,5.1,3.2,2.9,3.4,3.8,4,2.0,2.3,0.0,0.6,2.4,5.1,3.4,4.1,4.0,2.8,6.0,5.3,6.8,7.5,6.1,3.4,0,8.8,0.3,6.55,5.6,7.5,4.1,Medium
185,Vanuatu,4.7,5.4,4.3,4.8,5.9,6.2,7.4,3.2,6.7,5.5,0.0,3.7,1.8,9.8,3.4,1.7,5.4,3.2,6.4,5.7,5.7,5.4,6.0,5.7,2.4,9.8,0.8,7.05,6.6,7.5,5.2,High
186,Venezuela,3.2,0.7,4.4,4.2,3.9,3.4,3.5,6.1,0.6,4.4,5.0,1.2,6.1,4.4,4.4,4.7,6.4,3.2,6.4,7.3,8.3,8.4,8.2,6,6.433333333333334,7,1.4,5.4,3.3,7.5,4.4,Medium
187,Vietnam,3.7,1.4,4.8,3.6,2.5,3.4,4.5,3.4,1.1,1.6,0.0,1,2.3,2.8,4.6,5.8,4.4,4,4.2,5.1,5.7,6.3,5.0,4.5,0.9,9,0.5,3.2,3.9,2.5,3.8,Medium
188,Yemen,6.3,5.2,6.8,5.8,7.6,7.4,8.8,6.5,5.3,7.8,10.0,1.2,9.0,6.1,3.1,2.7,7.9,0.8,7.2,8.1,9.0,8.5,9.5,6.8,6.533333333333334,9.7,1.8,6.15,4.8,7.5,6.4,High
189,Zambia,6.9,7.8,6.4,5.0,6.7,6.3,7.9,7.6,1.6,7.1,5.1,7.4,9.0,5.8,2.7,2.9,6.1,0.8,6.7,6.1,6.4,6.6,6.1,5.8,2.5,9.6,2.4,7.2,6.9,7.5,6.1,High
190,Zimbabwe,4.8,6.5,3.9,5.3,6.3,5.9,7.3,5.8,3.3,6.7,4.1,6.1,9.4,4.55,4.0,3.9,7.1,2.4,6.0,7.0,7.5,7.6,7.4,6.5,2.3333333333333335,9.5,5.1,4.75,4.5,5,5.3,High
